mapName,areaId,areaName,northWestX,northWestY,northWestZ,southEastX,southEastY,southEastZ
de_inferno,1668,CTSpawn,1725.000000,2550.000000,160.031250,1750.000000,2625.000000,153.353149
de_inferno,2283,CTSpawn,1925.000000,1725.000000,160.031250,1950.000000,1750.000000,160.031250
de_inferno,2739,CTSpawn,1950.000000,2250.000000,136.031250,1975.000000,2300.000000,136.031250
de_inferno,2942,,275.000000,250.000000,0.249364,300.000000,300.000000,0.766027
de_inferno,496,BombsiteA,1500.000000,100.000000,126.803711,1650.000000,150.000000,138.822678
de_inferno,1193,TRamp,-500.000000,775.000000,-31.237284,-475.000000,800.000000,-31.086967
de_inferno,2925,,275.000000,475.000000,3.692718,300.000000,650.000000,20.031250
de_inferno,423,TSpawn,-1350.000000,300.000000,-55.968750,-1300.000000,350.000000,-55.968750
de_inferno,2946,,275.000000,350.000000,1.879072,300.000000,400.000000,2.869713
de_inferno,4,LowerMid,-875.000000,-175.000000,-0.087162,-675.000000,50.000000,-3.140303
de_inferno,104,TSpawn,-1700.000000,675.000000,-51.566246,-1600.000000,800.000000,-51.556538
de_inferno,1278,LowerMid,-600.000000,502.518738,76.031250,-575.000000,512.518738,76.031250
de_inferno,1662,TopofMid,1575.000000,1075.000000,157.039688,1600.000000,1100.000000,159.114883
de_inferno,302,Quad,1475.000000,-100.000000,130.031250,1550.000000,-25.000000,130.031250
de_inferno,444,Upstairs,-525.000000,75.000000,184.031250,-475.000000,125.000000,184.031250
de_inferno,563,CTSpawn,1925.000000,1625.000000,160.031250,1975.000000,1675.000000,160.031250
de_inferno,1432,,300.000000,700.000000,32.666512,325.000000,725.000000,80.162224
de_inferno,1897,BombsiteB,225.000000,2875.000000,160.031250,250.000000,2900.000000,160.031250
de_inferno,2285,CTSpawn,2275.000000,1675.000000,160.031250,2300.000000,1700.000000,155.004181
de_inferno,2834,CTSpawn,2425.000000,1950.000000,125.537476,2475.000000,1975.000000,129.031250
de_inferno,87,BombsiteB,150.000000,2900.000000,160.031250,275.000000,3025.000000,160.031250
de_inferno,327,Banana,75.000000,1050.000000,80.703049,125.000000,1150.000000,84.920967
de_inferno,2939,,275.000000,100.000000,21.241173,300.000000,150.000000,11.077381
de_inferno,217,Ruins,1075.000000,3150.000000,129.031250,1150.000000,3250.000000,129.031250
de_inferno,1992,BombsiteB,675.000000,3500.000000,137.772293,700.000000,3550.000000,148.461792
de_inferno,2639,Middle,675.000000,450.000000,87.818817,725.000000,550.000000,86.284943
de_inferno,2648,LowerMid,-800.000000,-225.000000,-2.785718,-675.000000,-175.000000,-2.023607
de_inferno,1174,LowerMid,-500.000000,587.481262,76.031258,-475.000000,597.481262,76.031250
de_inferno,1625,,875.000000,275.000000,101.759933,900.000000,300.000000,89.259933
de_inferno,940,BackAlley,850.000000,-800.000000,94.322479,875.000000,-750.000000,95.245132
de_inferno,2777,TSpawn,-1650.000000,650.000000,-49.598221,-1600.000000,675.000000,-51.121452
de_inferno,2990,,2250.000000,2650.000000,128.031250,2300.000000,2675.000000,128.031250
de_inferno,3046,Apartments,1175.000000,-400.000000,253.670868,1275.000000,-275.000000,255.146118
de_inferno,3118,Graveyard,2575.000000,375.000000,212.113022,2600.000000,400.000000,215.455887
de_inferno,368,Banana,225.000000,1475.000000,106.509056,275.000000,1550.000000,113.031250
de_inferno,591,SecondMid,-275.000000,-275.000000,27.438599,-200.000000,-225.000000,26.016718
de_inferno,2817,Ruins,925.000000,3100.000000,144.031250,950.000000,3175.000000,133.259933
de_inferno,2825,,1325.000000,2725.000000,128.014572,1400.000000,2750.000000,127.492378
de_inferno,102,TSpawn,-1325.000000,-200.000000,0.031250,-1225.000000,-25.000000,0.031250
de_inferno,243,Balcony,900.000000,-150.000000,256.031250,975.000000,-75.000000,256.031250
de_inferno,2086,BombsiteB,575.000000,2875.000000,160.031250,600.000000,2900.000000,160.031250
de_inferno,2821,BombsiteB,850.000000,2500.000000,140.298355,875.000000,2575.000000,142.031250
de_inferno,55,LowerMid,-800.000000,50.000000,-0.946211,-675.000000,225.000000,-2.847805
de_inferno,1060,TSpawn,-1625.000000,625.000000,-46.085182,-1500.000000,650.000000,-43.968750
de_inferno,2750,BombsiteA,2200.000000,175.000000,133.215927,2225.000000,225.000000,131.103287
de_inferno,150,SecondMid,500.000000,-250.000000,88.031250,700.000000,-150.000000,90.401779
de_inferno,369,Banana,175.000000,1200.000000,92.521545,250.000000,1325.000000,100.759941
de_inferno,1363,Apartments,-225.000000,-400.000000,192.031250,-200.000000,-375.000000,192.031250
de_inferno,2067,BombsiteB,475.000000,2750.000000,160.031250,500.000000,2775.000000,188.906250
de_inferno,2323,,2325.000000,1575.000000,160.031250,2350.000000,1600.000000,160.031250
de_inferno,2456,Pit,2150.000000,-250.000000,85.031250,2175.000000,-225.000000,116.031250
de_inferno,82,Arch,1750.000000,1025.000000,165.476562,1875.000000,1250.000000,160.031250
de_inferno,1256,Banana,300.000000,1950.000000,130.031250,325.000000,1975.000000,128.031250
de_inferno,1691,CTSpawn,1800.000000,1750.000000,160.031250,1850.000000,1775.000000,166.031250
de_inferno,80,TopofMid,1375.000000,725.000000,131.590897,1500.000000,1100.000000,155.960602
de_inferno,796,Ruins,875.000000,3100.000000,154.759872,900.000000,3250.000000,144.031250
de_inferno,2809,BombsiteA,1950.000000,25.000000,121.502892,1975.000000,100.000000,129.653900
de_inferno,2941,,275.000000,200.000000,2.256916,300.000000,250.000000,0.341949
de_inferno,244,Apartments,1175.000000,0.000000,256.031250,1250.000000,75.000000,256.031250
de_inferno,294,CTSpawn,1875.000000,2425.000000,131.321228,1950.000000,2500.000000,131.688019
de_inferno,2157,Ruins,1375.000000,2900.000000,127.635872,1450.000000,2925.000000,130.554840
de_inferno,2714,SecondMid,925.000000,-125.000000,91.291092,950.000000,-50.000000,88.684441
de_inferno,2830,CTSpawn,1850.000000,2225.000000,136.031250,1900.000000,2250.000000,136.031250
de_inferno,180,Apartments,1175.000000,275.000000,128.031250,1250.000000,375.000000,128.031250
de_inferno,1173,LowerMid,-600.000000,582.518738,40.259926,-575.000000,592.518738,52.759949
de_inferno,1175,LowerMid,-525.000000,500.000000,40.031250,-500.000000,525.000000,40.031250
de_inferno,1347,Bridge,-350.000000,-25.000000,192.031250,-325.000000,0.000000,192.031250
de_inferno,1904,BombsiteB,225.000000,2700.000000,160.031250,250.000000,2725.000000,160.031250
de_inferno,118,Banana,375.000000,1875.000000,130.031250,475.000000,2000.000000,128.031250
de_inferno,700,Underpass,275.000000,650.000000,19.853630,300.000000,725.000000,39.199795
de_inferno,1082,TSpawn,-1400.000000,275.000000,-60.011932,-1375.000000,300.000000,-60.321190
de_inferno,2801,TopofMid,1375.000000,525.000000,129.536835,1425.000000,550.000000,133.188736
de_inferno,582,Pit,2450.000000,-350.000000,81.114189,2500.000000,-300.000000,86.401787
de_inferno,1608,BackAlley,925.000000,-575.000000,101.394592,950.000000,-550.000000,102.663963
de_inferno,2477,,2250.000000,-150.000000,118.904892,2325.000000,-125.000000,121.223427
de_inferno,97,Apartments,1000.000000,-75.000000,256.031250,1100.000000,50.000000,256.031250
de_inferno,296,CTSpawn,2300.000000,1750.000000,128.031250,2450.000000,1825.000000,128.031250
de_inferno,1443,SecondMid,325.000000,-150.000000,90.031250,350.000000,-125.000000,58.561653
de_inferno,2995,,1675.000000,2925.000000,128.031250,1750.000000,2975.000000,128.031250
de_inferno,3115,Graveyard,2450.000000,225.000000,125.004211,2500.000000,375.000000,212.031250
de_inferno,119,Ruins,650.000000,3150.000000,160.031250,750.000000,3275.000000,160.031250
de_inferno,385,Ruins,1600.000000,2900.000000,127.240631,1650.000000,3000.000000,141.524124
de_inferno,452,SecondMid,-200.000000,-25.000000,29.079586,-150.000000,25.000000,32.031250
de_inferno,2370,Apartments,1275.000000,300.000000,128.031250,1300.000000,325.000000,129.440964
de_inferno,2505,,2525.000000,0.000000,244.031250,2550.000000,25.000000,212.031250
de_inferno,2969,,2100.000000,2725.000000,150.031250,2125.000000,2750.000000,152.031250
de_inferno,2636,Banana,125.000000,1150.000000,84.920967,175.000000,1250.000000,95.501602
de_inferno,3036,LowerMid,-625.000000,425.000000,40.031250,-575.000000,500.000000,40.031250
de_inferno,128,Graveyard,2525.000000,25.000000,212.031250,2625.000000,175.000000,212.649399
de_inferno,598,Apartments,975.000000,-25.000000,256.031250,1000.000000,25.000000,256.031250
de_inferno,2784,LowerMid,-675.000000,525.000000,-31.029392,-650.000000,575.000000,-20.740025
de_inferno,3065,CTSpawn,1875.000000,2250.000000,136.031250,1950.000000,2425.000000,132.031250
de_inferno,98,Apartments,1175.000000,-575.000000,137.004211,1275.000000,-400.000000,253.670883
de_inferno,2733,Ruins,900.000000,3175.000000,144.031250,925.000000,3250.000000,144.031250
de_inferno,1425,,225.000000,675.000000,79.053558,250.000000,700.000000,36.072521
de_inferno,449,SecondMid,-400.000000,-200.000000,9.278017,-325.000000,-150.000000,12.472601
de_inferno,681,Upstairs,-325.000000,200.000000,184.031250,-300.000000,275.000000,184.031250
de_inferno,1470,SecondMid,500.000000,-275.000000,88.031250,525.000000,-250.000000,88.031250
de_inferno,2940,,275.000000,150.000000,11.530277,300.000000,200.000000,2.279448
de_inferno,38,CTSpawn,2150.000000,1750.000000,128.031250,2300.000000,1925.000000,123.360764
de_inferno,181,Apartments,1175.000000,75.000000,256.031250,1250.000000,275.000000,128.031250
de_inferno,3134,BombsiteA,2150.000000,475.000000,160.031250,2175.000000,500.000000,160.031250
de_inferno,1750,BombsiteA,1900.000000,450.000000,160.031250,1950.000000,475.000000,160.031250
de_inferno,2954,,2125.000000,2700.000000,134.613739,2225.000000,2750.000000,152.031250
de_inferno,1711,Arch,1825.000000,1000.000000,166.793640,1875.000000,1025.000000,164.737503
de_inferno,2319,CTSpawn,2400.000000,1675.000000,160.031250,2425.000000,1700.000000,160.031250
de_inferno,2665,TSpawn,-1750.000000,50.000000,-63.968750,-1725.000000,100.000000,-59.968750
de_inferno,2735,BombsiteB,650.000000,2475.000000,141.307053,675.000000,2550.000000,135.753784
de_inferno,32,TopofMid,1375.000000,550.000000,130.327972,1525.000000,725.000000,137.747910
de_inferno,214,Ruins,675.000000,3050.000000,160.031250,750.000000,3150.000000,160.031250
de_inferno,2503,,2575.000000,0.000000,244.031250,2600.000000,25.000000,212.031250
de_inferno,159,BombsiteB,400.000000,2525.000000,160.031250,500.000000,2625.000000,160.031250
de_inferno,265,SecondMid,150.000000,-125.000000,49.151405,300.000000,-50.000000,58.731560
de_inferno,401,Library,2625.000000,1175.000000,160.031250,2675.000000,1250.000000,160.031250
de_inferno,453,SecondMid,125.000000,-200.000000,74.031250,225.000000,-125.000000,50.161213
de_inferno,1099,LowerMid,-850.000000,275.000000,5.235870,-800.000000,350.000000,-18.574928
de_inferno,279,BombsiteA,1925.000000,625.000000,160.031250,2025.000000,700.000000,160.031250
de_inferno,373,BombsiteB,400.000000,2750.000000,160.031250,450.000000,2825.000000,160.031250
de_inferno,1762,BombsiteA,1975.000000,250.000000,160.031250,2000.000000,275.000000,160.031250
de_inferno,2717,TopofMid,1500.000000,250.000000,133.526260,1525.000000,325.000000,135.183350
de_inferno,3044,Apartments,275.000000,-700.000000,96.031250,350.000000,-625.000000,96.031250
de_inferno,573,BombsiteA,2425.000000,900.000000,159.132248,2500.000000,975.000000,160.865555
de_inferno,967,Apartments,1150.000000,0.000000,256.031250,1175.000000,25.000000,256.031250
de_inferno,637,LowerMid,-800.000000,650.000000,-9.679729,-775.000000,725.000000,-10.522065
de_inferno,2701,Underpass,275.000000,50.000000,30.616173,300.000000,100.000000,21.241173
de_inferno,2645,CTSpawn,1625.000000,1900.000000,160.031250,1675.000000,2000.000000,160.031250
de_inferno,814,BombsiteB,525.000000,3100.000000,204.031250,550.000000,3175.000000,204.031250
de_inferno,1812,Middle,300.000000,450.000000,81.748116,325.000000,475.000000,80.076965
de_inferno,2696,Banana,100.000000,1200.000000,87.611542,125.000000,1250.000000,91.809372
de_inferno,2833,CTSpawn,2375.000000,1950.000000,121.455841,2425.000000,1975.000000,125.537476
de_inferno,30,Upstairs,-475.000000,75.000000,184.031250,-325.000000,275.000000,184.031250
de_inferno,2651,,300.000000,-125.000000,52.629021,450.000000,-75.000000,65.897636
de_inferno,559,CTSpawn,2475.000000,1925.000000,129.031250,2525.000000,1975.000000,129.031250
de_inferno,1965,BombsiteB,425.000000,2675.000000,188.906250,450.000000,2700.000000,188.906250
de_inferno,3159,Balcony,2000.000000,-250.000000,256.031250,2075.000000,-150.000000,256.031250
de_inferno,538,CTSpawn,1750.000000,2375.000000,136.031250,1800.000000,2425.000000,132.031250
de_inferno,671,Middle,75.000000,550.000000,66.485596,100.000000,625.000000,69.725899
de_inferno,2567,BackAlley,650.000000,-725.000000,91.969414,675.000000,-700.000000,91.180084
de_inferno,2794,Middle,425.000000,650.000000,88.068047,475.000000,675.000000,91.031242
de_inferno,255,Deck,-75.000000,125.000000,184.031250,0.000000,200.000000,184.031250
de_inferno,666,Banana,75.000000,1150.000000,86.759140,100.000000,1275.000000,92.995148
de_inferno,1826,Banana,300.000000,1575.000000,112.031250,325.000000,1625.000000,117.703072
de_inferno,190,TRamp,-350.000000,775.000000,-20.348082,-175.000000,925.000000,23.199821
de_inferno,956,,2475.000000,0.000000,244.031250,2500.000000,25.000000,212.121887
de_inferno,109,Banana,125.000000,1450.000000,105.005066,225.000000,1600.000000,112.888741
de_inferno,2044,Ruins,900.000000,3300.000000,141.199829,925.000000,3325.000000,129.031250
de_inferno,2827,,1450.000000,2725.000000,135.243378,1500.000000,2750.000000,127.492378
de_inferno,145,Apartments,-75.000000,-500.000000,191.670868,75.000000,-400.000000,96.031250
de_inferno,354,CTSpawn,1625.000000,1625.000000,160.031250,1675.000000,1725.000000,160.031250
de_inferno,1202,LowerMid,-475.000000,650.000000,18.031250,-450.000000,675.000000,-16.472862
de_inferno,1391,SecondMid,-450.000000,-275.000000,14.134592,-400.000000,-225.000000,6.454967
de_inferno,2628,Apartments,1550.000000,-375.000000,256.031250,1825.000000,-275.000000,256.031250
de_inferno,2637,Middle,200.000000,500.000000,70.141953,250.000000,600.000000,80.031250
de_inferno,56,Banana,200.000000,1625.000000,113.343590,325.000000,1775.000000,124.461082
de_inferno,94,BombsiteA,2200.000000,825.000000,155.592438,2375.000000,950.000000,160.031250
de_inferno,2805,TopofMid,1550.000000,1000.000000,150.692673,1600.000000,1025.000000,158.611557
de_inferno,189,Middle,25.000000,425.000000,69.696938,100.000000,550.000000,66.416420
de_inferno,1831,Banana,275.000000,1525.000000,109.051369,300.000000,1550.000000,113.031250
de_inferno,1120,LowerMid,-775.000000,675.000000,-10.218817,-750.000000,700.000000,-31.968750
de_inferno,2822,BombsiteB,850.000000,2575.000000,140.298355,875.000000,2650.000000,135.552887
de_inferno,137,TRamp,-175.000000,825.000000,23.199821,50.000000,925.000000,71.524841
de_inferno,188,Banana,75.000000,900.000000,71.284317,150.000000,1050.000000,83.230255
de_inferno,19,LowerMid,-750.000000,625.000000,-32.832096,-575.000000,800.000000,-26.329069
de_inferno,2575,SecondMid,150.000000,-225.000000,83.131027,200.000000,-200.000000,74.031250
de_inferno,57,Bridge,-450.000000,-275.000000,192.031250,-325.000000,-25.000000,192.031250
de_inferno,2132,Banana,925.000000,1850.000000,134.929077,950.000000,1875.000000,135.626007
de_inferno,1907,BombsiteB,250.000000,2650.000000,160.031250,275.000000,2675.000000,188.906250
de_inferno,2656,BombsiteA,2100.000000,300.000000,160.031250,2175.000000,350.000000,160.031250
de_inferno,151,SecondMid,600.000000,-125.000000,74.363327,700.000000,-25.000000,88.031250
de_inferno,326,TRamp,-450.000000,850.000000,-31.066172,-350.000000,925.000000,-20.790180
de_inferno,1964,BombsiteB,425.000000,2650.000000,188.906250,450.000000,2675.000000,160.031250
de_inferno,2022,Ruins,925.000000,3300.000000,141.199875,950.000000,3325.000000,129.031250
de_inferno,2042,Ruins,950.000000,3050.000000,128.031250,975.000000,3075.000000,128.031250
de_inferno,2051,BombsiteB,525.000000,3050.000000,262.031250,550.000000,3075.000000,262.031250
de_inferno,278,BombsiteA,1875.000000,-25.000000,127.750496,1950.000000,125.000000,140.653198
de_inferno,1358,,-350.000000,-350.000000,192.031250,-325.000000,-325.000000,192.031250
de_inferno,2024,Ruins,925.000000,3250.000000,144.031250,950.000000,3275.000000,128.031250
de_inferno,2588,SecondMid,-575.000000,-250.000000,3.595993,-500.000000,-225.000000,4.354666
de_inferno,2953,,2250.000000,2725.000000,152.031250,2300.000000,2800.000000,152.031250
de_inferno,171,BombsiteA,2250.000000,-125.000000,122.776947,2350.000000,25.000000,126.963181
de_inferno,430,LowerMid,-475.000000,600.000000,18.031250,-425.000000,650.000000,18.031250
de_inferno,527,Banana,925.000000,1875.000000,132.678040,1000.000000,1925.000000,145.373077
de_inferno,990,TSpawn,-1225.000000,-200.000000,0.031250,-1175.000000,-175.000000,0.031250
de_inferno,124,Quad,1375.000000,-100.000000,130.031250,1475.000000,25.000000,130.031250
de_inferno,366,Banana,325.000000,1650.000000,122.031250,375.000000,1775.000000,123.759666
de_inferno,318,LowerMid,-875.000000,650.000000,-25.083597,-825.000000,800.000000,-28.271803
de_inferno,1780,BombsiteA,1975.000000,125.000000,140.653183,2050.000000,150.000000,160.031250
de_inferno,3074,CTSpawn,2325.000000,2375.000000,128.031250,2425.000000,2600.000000,128.031250
de_inferno,121,BombsiteB,500.000000,2600.000000,160.031250,600.000000,2725.000000,159.761520
de_inferno,1709,CTSpawn,2125.000000,1900.000000,128.031250,2150.000000,1925.000000,128.031250
de_inferno,2320,Library,2500.000000,1550.000000,160.031250,2525.000000,1575.000000,160.031250
de_inferno,952,Graveyard,2450.000000,75.000000,212.330765,2475.000000,100.000000,212.287933
de_inferno,1684,CTSpawn,1775.000000,1825.000000,160.031250,1800.000000,1850.000000,162.104950
de_inferno,11,SecondMid,-675.000000,-225.000000,-2.023607,-500.000000,25.000000,15.874074
de_inferno,363,BackAlley,850.000000,-625.000000,91.619965,925.000000,-550.000000,101.681488
de_inferno,1400,SecondMid,-75.000000,-50.000000,33.568710,0.000000,-25.000000,35.703663
de_inferno,1833,Banana,325.000000,1625.000000,117.703072,350.000000,1650.000000,122.031250
de_inferno,2882,,1975.000000,-50.000000,216.031250,2000.000000,-25.000000,173.031250
de_inferno,3174,Library,2325.000000,1550.000000,160.031250,2375.000000,1575.000000,160.031250
de_inferno,384,,1275.000000,2625.000000,139.506073,1325.000000,2750.000000,127.716599
de_inferno,1090,LowerMid,-875.000000,625.000000,-27.038441,-850.000000,650.000000,-25.435587
de_inferno,1973,BombsiteB,475.000000,3100.000000,160.031250,500.000000,3125.000000,204.031250
de_inferno,2615,TSpawn,-1650.000000,-25.000000,-63.968750,-1625.000000,0.000000,-63.968750
de_inferno,215,BombsiteB,0.000000,3150.000000,160.031250,75.000000,3250.000000,160.031250
de_inferno,1890,BombsiteB,200.000000,2725.000000,160.031250,225.000000,2750.000000,188.906250
de_inferno,63,SecondMid,725.000000,100.000000,95.441338,850.000000,425.000000,86.731888
de_inferno,360,BombsiteA,1825.000000,375.000000,160.031250,1875.000000,500.000000,160.031250
de_inferno,2693,Banana,50.000000,1000.000000,80.003395,75.000000,1075.000000,82.442184
de_inferno,2718,TopofMid,1500.000000,325.000000,133.345444,1525.000000,375.000000,136.487457
de_inferno,2944,,275.000000,400.000000,2.879742,300.000000,475.000000,3.703009
de_inferno,3082,TSpawn,-1325.000000,350.000000,-55.968750,-1175.000000,425.000000,-55.968750
de_inferno,1277,LowerMid,-625.000000,507.481262,76.031265,-600.000000,517.481262,76.031242
de_inferno,1938,BombsiteB,325.000000,2875.000000,160.031250,350.000000,2900.000000,188.906250
de_inferno,2635,Banana,125.000000,1050.000000,79.703568,175.000000,1150.000000,91.036865
de_inferno,2725,Ruins,825.000000,3125.000000,160.031250,850.000000,3200.000000,160.031250
de_inferno,2781,LowerMid,-675.000000,600.000000,-31.958075,-625.000000,625.000000,-32.434437
de_inferno,1990,BombsiteB,650.000000,3550.000000,192.031250,675.000000,3575.000000,152.382339
de_inferno,2402,BombsiteA,2075.000000,125.000000,134.387283,2100.000000,150.000000,160.031250
de_inferno,1011,LowerMid,-925.000000,200.000000,0.031250,-875.000000,225.000000,5.603086
de_inferno,515,BombsiteB,325.000000,2825.000000,160.031250,375.000000,2875.000000,160.031250
de_inferno,928,BombsiteA,2400.000000,150.000000,124.397552,2425.000000,200.000000,126.401787
de_inferno,2322,Library,2275.000000,1500.000000,160.031250,2300.000000,1525.000000,160.031250
de_inferno,2837,Pit,2275.000000,-525.000000,85.558197,2325.000000,-500.000000,86.553200
de_inferno,450,SecondMid,-325.000000,-100.000000,12.967831,-275.000000,-25.000000,23.976818
de_inferno,1681,CTSpawn,1775.000000,1750.000000,160.031250,1800.000000,1775.000000,166.031250
de_inferno,1619,,850.000000,250.000000,87.624664,875.000000,275.000000,101.759933
de_inferno,2738,CTSpawn,1775.000000,2300.000000,136.031250,1800.000000,2350.000000,136.031250
de_inferno,3156,Balcony,1950.000000,-225.000000,256.031250,1975.000000,-150.000000,256.031250
de_inferno,930,Pit,2425.000000,-275.000000,86.726707,2450.000000,-225.000000,86.401787
de_inferno,1471,,350.000000,-700.000000,96.031250,425.000000,-625.000000,90.868820
de_inferno,443,Apartments,-250.000000,-525.000000,192.031250,-200.000000,-475.000000,192.031250
de_inferno,1962,BombsiteB,400.000000,2625.000000,160.031250,425.000000,2650.000000,188.906250
de_inferno,2626,Apartments,1175.000000,-200.000000,256.031250,1275.000000,0.000000,256.031250
de_inferno,2634,Apartments,1150.000000,-675.000000,128.031250,1275.000000,-600.000000,128.031250
de_inferno,35,BombsiteB,150.000000,2450.000000,160.031250,300.000000,2625.000000,160.031250
de_inferno,393,CTSpawn,1975.000000,1625.000000,160.031250,2025.000000,1700.000000,160.031250
de_inferno,117,BackAlley,850.000000,-550.000000,94.196190,950.000000,-325.000000,103.887871
de_inferno,561,CTSpawn,2175.000000,1625.000000,160.031250,2300.000000,1675.000000,160.031250
de_inferno,2614,TSpawn,-1650.000000,0.000000,-63.968750,-1625.000000,25.000000,-63.968750
de_inferno,3048,Apartments,1825.000000,-375.000000,256.031250,1925.000000,-275.000000,256.031250
de_inferno,3061,CTSpawn,1875.000000,1625.000000,160.031250,1925.000000,1750.000000,160.031250
de_inferno,96,TSpawn,-1550.000000,-200.000000,-63.968750,-1450.000000,0.000000,-63.968750
de_inferno,1967,BombsiteB,425.000000,2725.000000,160.031250,450.000000,2750.000000,160.031250
de_inferno,1199,TRamp,-475.000000,875.000000,24.031250,-450.000000,900.000000,-30.268541
de_inferno,1290,Apartments,-450.000000,-450.000000,192.031250,-425.000000,-425.000000,192.031250
de_inferno,1423,Underpass,200.000000,700.000000,38.991165,275.000000,725.000000,39.636398
de_inferno,1467,SecondMid,625.000000,-275.000000,88.031250,650.000000,-250.000000,88.031250
de_inferno,2258,CTSpawn,2175.000000,2650.000000,130.135834,2250.000000,2675.000000,128.031250
de_inferno,3,Middle,725.000000,425.000000,88.535484,950.000000,650.000000,88.129143
de_inferno,864,CTSpawn,1975.000000,2625.000000,131.685303,2000.000000,2750.000000,132.031250
de_inferno,490,CTSpawn,1675.000000,1625.000000,160.031250,1725.000000,1675.000000,160.031250
de_inferno,1257,Banana,300.000000,1925.000000,125.534660,325.000000,1950.000000,129.590744
de_inferno,2453,Pit,2150.000000,-175.000000,85.031250,2175.000000,-150.000000,130.031250
de_inferno,2947,Balcony,1988.171387,-116.392792,251.404724,2010.981201,-101.152802,251.404724
de_inferno,41,Pit,2450.000000,-200.000000,84.031250,2600.000000,-25.000000,84.031250
de_inferno,91,CTSpawn,2300.000000,1825.000000,126.868477,2475.000000,1950.000000,129.031250
de_inferno,3072,CTSpawn,1775.000000,1850.000000,160.031250,1875.000000,1900.000000,163.252686
de_inferno,1088,TSpawn,-1200.000000,575.000000,-55.968750,-1175.000000,600.000000,-55.968750
de_inferno,2745,CTSpawn,2350.000000,2100.000000,120.031250,2375.000000,2175.000000,121.805695
de_inferno,2786,TRamp,-525.000000,875.000000,23.670918,-475.000000,900.000000,24.031250
de_inferno,213,Banana,675.000000,1925.000000,131.399979,750.000000,2150.000000,136.031250
de_inferno,418,TSpawn,-1650.000000,800.000000,-51.968750,-1600.000000,850.000000,-49.919426
de_inferno,2749,BombsiteA,2200.000000,125.000000,132.017883,2225.000000,175.000000,130.081970
de_inferno,372,BombsiteB,300.000000,2450.000000,160.031250,350.000000,2525.000000,160.031250
de_inferno,126,Library,2500.000000,1275.000000,160.031250,2600.000000,1425.000000,160.031250
de_inferno,251,Banana,25.000000,1325.000000,98.542183,100.000000,1400.000000,100.821114
de_inferno,3126,Graveyard,2525.000000,275.000000,215.545868,2550.000000,325.000000,213.205124
de_inferno,3129,BombsiteA,2050.000000,350.000000,160.031250,2150.000000,500.000000,160.031250
de_inferno,891,BombsiteA,2200.000000,950.000000,160.031250,2225.000000,1000.000000,159.559433
de_inferno,1377,Upstairs,-450.000000,50.000000,184.031250,-425.000000,75.000000,184.031250
de_inferno,2782,LowerMid,-625.000000,600.000000,-32.003281,-575.000000,625.000000,-31.998158
de_inferno,3078,CTSpawn,2500.000000,2350.000000,129.031250,2575.000000,2425.000000,128.281250
de_inferno,3089,TSpawn,-1300.000000,525.000000,-55.968750,-1200.000000,600.000000,-55.968750
de_inferno,225,Ruins,1150.000000,2975.000000,128.031250,1225.000000,3075.000000,129.031250
de_inferno,522,BombsiteB,650.000000,2425.000000,140.362671,700.000000,2475.000000,136.031250
de_inferno,856,CTSpawn,1750.000000,2550.000000,153.353149,1775.000000,2625.000000,135.853195
de_inferno,71,BombsiteA,2200.000000,225.000000,135.032288,2400.000000,525.000000,149.617584
de_inferno,761,CTSpawn,2225.000000,1925.000000,128.031250,2250.000000,1975.000000,127.260437
de_inferno,3154,Balcony,1988.182129,-129.475067,292.031250,2009.074341,-125.140671,292.031250
de_inferno,646,LowerMid,-675.000000,-450.000000,1.344629,-650.000000,-375.000000,3.208134
de_inferno,2066,BombsiteB,475.000000,2725.000000,188.906250,500.000000,2750.000000,188.906250
de_inferno,77,SecondMid,275.000000,-275.000000,88.031250,500.000000,-150.000000,90.031250
de_inferno,81,TopofMid,1375.000000,1100.000000,160.644272,1600.000000,1225.000000,161.003510
de_inferno,158,BombsiteB,0.000000,2450.000000,160.031250,100.000000,2550.000000,160.031250
de_inferno,1346,Upstairs,-350.000000,50.000000,192.031250,-325.000000,75.000000,184.031250
de_inferno,53,Apartments,975.000000,-225.000000,256.031250,1100.000000,-75.000000,256.031250
de_inferno,65,BombsiteB,700.000000,2175.000000,136.566025,850.000000,2475.000000,140.298355
de_inferno,1122,LowerMid,-800.000000,625.000000,-32.187141,-775.000000,650.000000,-10.067910
de_inferno,2268,CTSpawn,2225.000000,2075.000000,128.023758,2250.000000,2100.000000,127.899994
de_inferno,2791,SecondMid,650.000000,-275.000000,95.401779,725.000000,-250.000000,89.707115
de_inferno,257,Kitchen,-200.000000,250.000000,184.031250,-75.000000,325.000000,184.031250
de_inferno,492,Arch,1775.000000,1250.000000,160.031250,1875.000000,1300.000000,160.031250
de_inferno,2646,CTSpawn,1625.000000,2000.000000,160.031250,1675.000000,2075.000000,160.031250
de_inferno,2686,LowerMid,-675.000000,75.000000,-3.423588,-650.000000,125.000000,-0.923590
de_inferno,828,BombsiteB,475.000000,3025.000000,160.031250,500.000000,3075.000000,160.031250
de_inferno,2212,CTSpawn,1900.000000,2625.000000,133.394287,1975.000000,2650.000000,132.873810
de_inferno,361,BombsiteA,1925.000000,150.000000,160.031250,1975.000000,275.000000,160.031250
de_inferno,3071,CTSpawn,1850.000000,2400.000000,132.602676,1875.000000,2425.000000,132.031250
de_inferno,503,BombsiteA,1975.000000,25.000000,122.391228,2025.000000,125.000000,140.653198
de_inferno,2808,TopofMid,1500.000000,875.000000,142.225342,1525.000000,950.000000,151.637985
de_inferno,2840,Pit,2425.000000,-525.000000,85.803719,2475.000000,-500.000000,84.132210
de_inferno,50,Pit,2250.000000,-500.000000,82.224854,2500.000000,-350.000000,80.765877
de_inferno,54,LowerMid,-1000.000000,-175.000000,0.031250,-875.000000,-25.000000,0.031250
de_inferno,1694,CTSpawn,1850.000000,1750.000000,160.031250,1875.000000,1775.000000,160.031250
de_inferno,1901,BombsiteB,225.000000,2775.000000,188.906250,250.000000,2800.000000,160.031250
de_inferno,1931,BombsiteB,350.000000,2625.000000,188.906250,375.000000,2650.000000,160.031250
de_inferno,2764,Balcony,2075.000000,-325.000000,256.031250,2100.000000,-250.000000,256.031250
de_inferno,2767,TSpawn,-1350.000000,-175.000000,-0.995830,-1325.000000,-125.000000,0.031250
de_inferno,2856,,-75.000000,-19.000000,220.031250,0.000000,-9.000000,220.031250
de_inferno,509,Banana,475.000000,1875.000000,129.759216,625.000000,1925.000000,131.178452
de_inferno,749,TopofMid,1325.000000,1175.000000,165.749054,1375.000000,1225.000000,171.903305
de_inferno,2863,,1775.000000,-125.000000,129.404861,1800.000000,-100.000000,152.031250
de_inferno,2259,CTSpawn,2175.000000,2675.000000,130.097778,2225.000000,2700.000000,134.613693
de_inferno,2813,Ruins,850.000000,3100.000000,160.031250,875.000000,3175.000000,154.759872
de_inferno,370,BombsiteB,100.000000,2475.000000,160.031250,150.000000,2550.000000,160.031250
de_inferno,457,SecondMid,275.000000,-50.000000,56.968323,325.000000,25.000000,65.950172
de_inferno,288,BombsiteB,500.000000,2825.000000,160.031250,575.000000,2900.000000,160.031250
de_inferno,805,BombsiteB,225.000000,2625.000000,160.031250,250.000000,2675.000000,160.031250
de_inferno,1368,Apartments,-300.000000,-525.000000,192.031250,-250.000000,-500.000000,192.031250
de_inferno,1735,BombsiteA,1700.000000,100.000000,130.212845,1725.000000,125.000000,132.266205
de_inferno,2773,TSpawn,-1550.000000,600.000000,-63.753513,-1500.000000,625.000000,-49.272236
de_inferno,130,TSpawn,-1275.000000,-450.000000,0.031250,-1175.000000,-200.000000,0.031250
de_inferno,136,LowerMid,-575.000000,675.000000,-32.461777,-475.000000,775.000000,-31.616186
de_inferno,3051,Apartments,1825.000000,-200.000000,256.031250,1925.000000,-150.000000,256.031250
de_inferno,3127,Graveyard,2525.000000,325.000000,213.622787,2550.000000,375.000000,212.113022
de_inferno,854,Ruins,1650.000000,2900.000000,127.240623,1675.000000,2975.000000,136.866608
de_inferno,1248,Banana,75.000000,1400.000000,101.235466,100.000000,1450.000000,107.031250
de_inferno,578,Pit,2250.000000,-350.000000,82.340096,2350.000000,-300.000000,92.393669
de_inferno,1389,SecondMid,-500.000000,-25.000000,7.237963,-475.000000,25.000000,19.517727
de_inferno,2641,TopofMid,1325.000000,525.000000,124.027740,1375.000000,675.000000,130.503815
de_inferno,2873,,1925.000000,-125.000000,198.031250,1950.000000,-50.000000,211.670853
de_inferno,2884,,1975.000000,0.000000,173.031250,2000.000000,25.000000,124.269760
de_inferno,3125,Graveyard,2450.000000,200.000000,124.031250,2475.000000,225.000000,125.004227
de_inferno,37,CTSpawn,2375.000000,2125.000000,121.729912,2525.000000,2300.000000,129.031250
de_inferno,226,CTSpawn,2000.000000,2650.000000,131.779526,2075.000000,2750.000000,132.031250
de_inferno,2642,TopofMid,1325.000000,675.000000,133.191650,1375.000000,825.000000,139.147369
de_inferno,2727,BombsiteB,400.000000,3450.000000,160.031250,425.000000,3525.000000,160.031250
de_inferno,6,BombsiteB,425.000000,3350.000000,160.031250,625.000000,3600.000000,160.031250
de_inferno,3057,BombsiteA,2225.000000,1125.000000,162.890686,2425.000000,1200.000000,162.169327
de_inferno,1372,Apartments,-400.000000,-600.000000,192.031250,-375.000000,-575.000000,192.031250
de_inferno,1736,BombsiteA,1725.000000,100.000000,130.444550,1750.000000,125.000000,132.366364
de_inferno,2315,,2525.000000,2075.000000,129.031250,2550.000000,2100.000000,129.031250
de_inferno,2780,TSpawn,-1475.000000,650.000000,-43.968750,-1400.000000,675.000000,-45.167572
de_inferno,237,Pit,2500.000000,-500.000000,86.079201,2575.000000,-300.000000,86.401787
de_inferno,682,Kitchen,25.000000,325.000000,184.031250,50.000000,375.000000,184.031250
de_inferno,544,CTSpawn,2000.000000,2600.000000,129.993820,2050.000000,2650.000000,131.791595
de_inferno,575,,2200.000000,-150.000000,118.949005,2250.000000,-100.000000,125.005951
de_inferno,2581,SecondMid,-375.000000,-275.000000,16.295193,-350.000000,-250.000000,14.031493
de_inferno,73,Banana,100.000000,1325.000000,96.070786,225.000000,1450.000000,105.344460
de_inferno,516,BombsiteB,400.000000,3150.000000,160.031250,500.000000,3200.000000,160.031250
de_inferno,8,Middle,475.000000,475.000000,83.588837,675.000000,675.000000,89.040161
de_inferno,2317,CTSpawn,2450.000000,1800.000000,128.031250,2475.000000,1825.000000,129.031250
de_inferno,2652,SecondMid,450.000000,-125.000000,63.486187,600.000000,-75.000000,76.557953
de_inferno,2678,LowerMid,-850.000000,600.000000,-28.226780,-825.000000,650.000000,-29.434505
de_inferno,3039,Upstairs,-600.000000,125.000000,184.031250,-525.000000,150.000000,184.031250
de_inferno,378,BombsiteB,600.000000,2600.000000,159.973587,675.000000,2750.000000,133.868332
de_inferno,592,SecondMid,-325.000000,-250.000000,16.633484,-275.000000,-200.000000,18.447119
de_inferno,955,Graveyard,2475.000000,25.000000,214.951401,2500.000000,50.000000,212.031250
de_inferno,1807,,475.000000,450.000000,83.177734,500.000000,475.000000,83.431427
de_inferno,1980,BombsiteB,525.000000,3175.000000,204.031250,550.000000,3200.000000,160.031250
de_inferno,60,CTSpawn,1875.000000,1750.000000,160.031250,2025.000000,1925.000000,162.878891
de_inferno,905,BombsiteA,2150.000000,150.000000,160.031250,2175.000000,225.000000,160.031250
de_inferno,2826,,1400.000000,2725.000000,135.341629,1450.000000,2750.000000,127.492378
de_inferno,2877,,1950.000000,-100.000000,211.670853,1975.000000,-75.000000,216.031250
de_inferno,850,,1200.000000,2650.000000,132.226334,1225.000000,2700.000000,128.014572
de_inferno,1971,BombsiteB,425.000000,2900.000000,160.031250,450.000000,2925.000000,160.031250
de_inferno,133,TSpawn,-1150.000000,475.000000,-55.738934,-850.000000,575.000000,-31.968750
de_inferno,232,BombsiteA,2325.000000,525.000000,143.055557,2400.000000,750.000000,152.515228
de_inferno,315,TSpawn,-1750.000000,725.000000,-48.277809,-1700.000000,800.000000,-50.971645
de_inferno,431,Banana,50.000000,1275.000000,94.627411,100.000000,1325.000000,96.070786
de_inferno,829,BombsiteB,500.000000,2550.000000,160.031250,525.000000,2600.000000,160.031250
de_inferno,2466,Pit,2175.000000,-175.000000,130.031250,2200.000000,-150.000000,118.949005
de_inferno,86,SecondMid,800.000000,-300.000000,98.340843,925.000000,-175.000000,92.462746
de_inferno,108,Middle,100.000000,425.000000,67.727692,200.000000,625.000000,77.130249
de_inferno,791,Banana,375.000000,1700.000000,120.031250,400.000000,1750.000000,121.972382
de_inferno,3060,CTSpawn,1775.000000,1625.000000,160.031250,1875.000000,1750.000000,160.031250
de_inferno,2679,LowerMid,-700.000000,225.000000,-3.847809,-675.000000,300.000000,3.198956
de_inferno,1320,Kitchen,-275.000000,350.000000,184.031250,-200.000000,375.000000,184.031250
de_inferno,1939,BombsiteB,325.000000,2900.000000,188.906250,350.000000,2925.000000,160.031250
de_inferno,2751,BombsiteA,2375.000000,800.000000,150.924637,2400.000000,850.000000,154.913864
de_inferno,888,Library,2300.000000,1500.000000,160.031250,2325.000000,1550.000000,160.031250
de_inferno,2599,TSpawn,-1275.000000,-475.000000,0.031250,-1225.000000,-450.000000,0.031250
de_inferno,2828,,1500.000000,2725.000000,136.370483,1550.000000,2750.000000,127.329521
de_inferno,198,SecondMid,75.000000,-125.000000,44.277588,150.000000,-25.000000,46.092369
de_inferno,303,TopofMid,1300.000000,250.000000,130.696075,1375.000000,325.000000,127.353790
de_inferno,2961,,2075.000000,2800.000000,128.031250,2100.000000,2825.000000,156.031250
de_inferno,3076,CTSpawn,2425.000000,2375.000000,128.602676,2500.000000,2425.000000,128.809021
de_inferno,162,CTSpawn,1950.000000,2375.000000,138.336258,2050.000000,2500.000000,131.747345
de_inferno,994,LowerMid,-1025.000000,100.000000,11.131031,-1000.000000,150.000000,0.031250
de_inferno,1333,Deck,0.000000,125.000000,184.031250,25.000000,150.000000,184.031250
de_inferno,2649,TRamp,-175.000000,775.000000,20.810135,-75.000000,825.000000,40.089977
de_inferno,3063,CTSpawn,1675.000000,1725.000000,160.031250,1775.000000,1900.000000,162.177567
de_inferno,392,CTSpawn,2125.000000,1625.000000,160.031250,2175.000000,1700.000000,160.031250
de_inferno,759,CTSpawn,1700.000000,2550.000000,160.031250,1725.000000,2625.000000,160.031250
de_inferno,20,SecondMid,700.000000,-175.000000,90.401779,875.000000,0.000000,94.096184
de_inferno,2968,,2100.000000,2750.000000,156.031250,2125.000000,2775.000000,152.031250
de_inferno,230,Pit,2075.000000,-300.000000,85.031250,2150.000000,-200.000000,85.031250
de_inferno,2573,SecondMid,225.000000,-200.000000,74.031250,250.000000,-175.000000,108.031250
de_inferno,390,Library,2275.000000,1350.000000,160.031250,2325.000000,1500.000000,160.031250
de_inferno,570,BombsiteA,2375.000000,900.000000,152.619736,2425.000000,950.000000,160.031250
de_inferno,740,TopofMid,1300.000000,600.000000,120.699104,1325.000000,825.000000,145.193420
de_inferno,898,Apartments,1250.000000,0.000000,256.031250,1275.000000,50.000000,256.031250
de_inferno,1397,SecondMid,-275.000000,-225.000000,18.345940,-225.000000,-200.000000,25.354031
de_inferno,2793,Middle,375.000000,650.000000,84.673935,425.000000,675.000000,91.031242
de_inferno,84,TopofMid,1375.000000,225.000000,127.355408,1500.000000,350.000000,133.919693
de_inferno,338,Middle,325.000000,650.000000,80.162224,375.000000,725.000000,85.864723
de_inferno,3143,,2175.000000,150.000000,160.031250,2200.000000,175.000000,133.215942
de_inferno,2952,,2100.000000,2775.000000,156.031250,2150.000000,2850.000000,152.031250
de_inferno,2971,,2125.000000,2750.000000,152.031250,2150.000000,2775.000000,152.031250
de_inferno,169,BombsiteA,2125.000000,25.000000,126.670876,2225.000000,125.000000,129.474655
de_inferno,1903,BombsiteB,225.000000,2725.000000,188.906250,250.000000,2750.000000,160.031250
de_inferno,29,LowerMid,-825.000000,450.000000,-31.968750,-675.000000,625.000000,-32.519310
de_inferno,111,BackAlley,800.000000,-750.000000,93.146957,900.000000,-625.000000,98.347198
de_inferno,2832,,2075.000000,2225.000000,141.939346,2150.000000,2250.000000,136.031250
de_inferno,518,BombsiteB,675.000000,3550.000000,148.346680,725.000000,3600.000000,157.198425
de_inferno,799,BombsiteB,250.000000,3125.000000,160.031250,275.000000,3175.000000,160.031250
de_inferno,2035,Ruins,925.000000,3075.000000,144.031250,950.000000,3100.000000,133.259918
de_inferno,2558,Balcony,1975.000000,-250.000000,256.031250,2000.000000,-225.000000,256.031250
de_inferno,2559,Apartments,1925.000000,-200.000000,256.031250,1950.000000,-175.000000,256.031250
de_inferno,2569,SecondMid,300.000000,-300.000000,94.259949,350.000000,-275.000000,88.031250
de_inferno,1176,LowerMid,-650.000000,582.518738,16.041927,-625.000000,592.518738,27.759941
de_inferno,1468,SecondMid,600.000000,-275.000000,88.031250,625.000000,-250.000000,88.031250
de_inferno,933,Pit,2600.000000,-100.000000,84.031250,2625.000000,-25.000000,84.031250
de_inferno,2671,TSpawn,-1425.000000,375.000000,-62.421898,-1400.000000,425.000000,-60.747379
de_inferno,200,BackAlley,775.000000,-625.000000,92.962738,850.000000,-450.000000,93.359612
de_inferno,412,Apartments,975.000000,-275.000000,256.031250,1050.000000,-225.000000,257.792236
de_inferno,775,BackAlley,925.000000,-675.000000,115.670898,950.000000,-600.000000,128.440964
de_inferno,2304,,2525.000000,2100.000000,129.031250,2550.000000,2125.000000,129.031250
de_inferno,3097,Graveyard,2450.000000,400.000000,213.236862,2500.000000,575.000000,214.179520
de_inferno,16,BombsiteA,2225.000000,25.000000,127.998566,2400.000000,225.000000,128.594528
de_inferno,44,BombsiteA,1900.000000,475.000000,160.031250,2050.000000,625.000000,160.031250
de_inferno,2970,,2100.000000,2700.000000,132.031250,2125.000000,2725.000000,144.613693
de_inferno,3164,Balcony,2075.000000,-175.000000,256.031250,2100.000000,-150.000000,256.031250
de_inferno,120,Ruins,975.000000,3125.000000,128.031250,1075.000000,3250.000000,129.031250
de_inferno,2534,Pit,2600.000000,-200.000000,84.031250,2625.000000,-175.000000,88.031242
de_inferno,1187,TRamp,-525.000000,775.000000,-31.455530,-500.000000,825.000000,-29.049946
de_inferno,2076,BombsiteB,500.000000,2750.000000,188.906250,525.000000,2775.000000,160.031250
de_inferno,2133,BombsiteB,875.000000,2625.000000,141.860001,925.000000,2650.000000,132.557999
de_inferno,66,CTSpawn,2175.000000,2250.000000,132.031250,2325.000000,2400.000000,128.031250
de_inferno,781,Middle,250.000000,425.000000,80.031250,275.000000,475.000000,82.375877
de_inferno,896,BombsiteA,1750.000000,-125.000000,134.455917,1775.000000,-75.000000,129.663757
de_inferno,2871,,1875.000000,-125.000000,152.031250,1900.000000,-100.000000,171.031250
de_inferno,3165,Balcony,2109.303223,-198.831833,292.031250,2111.031250,-171.281326,292.031250
de_inferno,626,TSpawn,-1175.000000,475.000000,-55.968750,-1150.000000,525.000000,-55.738934
de_inferno,678,Upstairs,-575.000000,375.000000,40.031250,-550.000000,425.000000,40.031250
de_inferno,792,Ruins,650.000000,3100.000000,160.031250,675.000000,3150.000000,160.031250
de_inferno,1688,CTSpawn,1850.000000,1825.000000,166.031250,1875.000000,1850.000000,160.031250
de_inferno,3041,Kitchen,-25.000000,250.000000,184.031250,25.000000,375.000000,184.031250
de_inferno,3085,TSpawn,-1300.000000,425.000000,-55.968750,-1175.000000,475.000000,-55.968750
de_inferno,263,SecondMid,-275.000000,-100.000000,17.126209,-200.000000,25.000000,33.031242
de_inferno,411,TSpawn,-1525.000000,0.000000,-63.968750,-1475.000000,75.000000,-63.968750
de_inferno,426,LowerMid,-825.000000,400.000000,-29.120516,-700.000000,450.000000,-31.968750
de_inferno,2632,Ruins,1125.000000,2825.000000,129.006317,1200.000000,2975.000000,126.849800
de_inferno,2690,LowerMid,-675.000000,325.000000,3.198956,-650.000000,400.000000,6.380476
de_inferno,3149,BombsiteA,2175.000000,300.000000,160.031250,2200.000000,325.000000,135.395264
de_inferno,286,Ruins,800.000000,3375.000000,128.613388,900.000000,3450.000000,128.031250
de_inferno,1838,Banana,425.000000,1850.000000,130.088120,500.000000,1875.000000,130.319305
de_inferno,541,CTSpawn,1850.000000,2600.000000,131.405640,1900.000000,2650.000000,132.976761
de_inferno,936,Pit,2125.000000,-200.000000,85.031250,2150.000000,-150.000000,85.031250
de_inferno,1404,SecondMid,75.000000,-150.000000,44.569538,125.000000,-125.000000,48.818542
de_inferno,2598,TSpawn,-1225.000000,-475.000000,0.031250,-1200.000000,-450.000000,0.031250
de_inferno,2654,Arch,1675.000000,1025.000000,163.547409,1750.000000,1075.000000,160.174728
de_inferno,252,Banana,100.000000,1250.000000,91.927551,175.000000,1325.000000,98.480568
de_inferno,521,BombsiteB,450.000000,2625.000000,160.031250,500.000000,2675.000000,160.031250
de_inferno,3047,Apartments,1175.000000,-275.000000,255.146103,1275.000000,-200.000000,256.031250
de_inferno,74,Deck,-75.000000,0.000000,184.031250,250.000000,125.000000,184.031250
de_inferno,2732,Ruins,900.000000,3125.000000,144.031250,925.000000,3175.000000,144.031250
de_inferno,1235,Banana,50.000000,900.000000,68.594170,75.000000,950.000000,73.945114
de_inferno,2365,BombsiteA,1700.000000,-125.000000,136.960007,1750.000000,-100.000000,134.076248
de_inferno,2367,Quad,1475.000000,-125.000000,130.031250,1500.000000,-100.000000,130.031250
de_inferno,68,CTSpawn,2375.000000,1975.000000,121.502510,2500.000000,2125.000000,129.031250
de_inferno,107,Middle,75.000000,625.000000,67.805954,175.000000,750.000000,78.458649
de_inferno,1303,Upstairs,-450.000000,350.000000,189.399658,-425.000000,375.000000,184.031250
de_inferno,1721,TopofMid,1325.000000,325.000000,125.037674,1375.000000,350.000000,126.534119
de_inferno,2697,SecondMid,-500.000000,-250.000000,9.338274,-475.000000,-200.000000,5.906006
de_inferno,367,Banana,325.000000,1925.000000,130.031250,375.000000,2000.000000,128.031250
de_inferno,597,Graveyard,2475.000000,50.000000,213.218979,2500.000000,100.000000,212.031250
de_inferno,371,BombsiteB,250.000000,2725.000000,160.031250,300.000000,2800.000000,160.031250
de_inferno,560,CTSpawn,2375.000000,1625.000000,160.031250,2425.000000,1675.000000,160.031250
de_inferno,2783,LowerMid,-675.000000,450.000000,-31.918251,-650.000000,525.000000,-20.740047
de_inferno,122,CTSpawn,1775.000000,2425.000000,132.031250,1875.000000,2550.000000,132.635239
de_inferno,324,LowerMid,-575.000000,600.000000,-31.998158,-525.000000,675.000000,-31.968750
de_inferno,652,LowerMid,-525.000000,525.000000,40.031250,-500.000000,575.000000,40.031250
de_inferno,948,TSpawn,-1550.000000,25.000000,-63.968750,-1525.000000,75.000000,-63.968750
de_inferno,1258,Banana,200.000000,1600.000000,112.321861,225.000000,1625.000000,114.515945
de_inferno,1276,Upstairs,-600.000000,375.000000,40.031250,-575.000000,400.000000,40.031250
de_inferno,2054,BombsiteB,500.000000,3100.000000,204.031250,525.000000,3125.000000,204.031250
de_inferno,2596,TSpawn,-1200.000000,-475.000000,0.031250,-1150.000000,-450.000000,0.031250
de_inferno,141,Kitchen,-275.000000,100.000000,184.031250,-175.000000,200.000000,184.031250
de_inferno,374,BombsiteB,625.000000,3350.000000,160.031250,800.000000,3475.000000,129.195572
de_inferno,2616,TSpawn,-1625.000000,0.000000,-63.968750,-1600.000000,25.000000,-63.968750
de_inferno,2711,SecondMid,925.000000,-325.000000,100.566925,950.000000,-275.000000,100.536148
de_inferno,89,Ruins,1000.000000,2650.000000,130.190491,1125.000000,2775.000000,128.390121
de_inferno,2059,BombsiteB,450.000000,2750.000000,160.031250,475.000000,2775.000000,160.031250
de_inferno,1946,BombsiteB,350.000000,2875.000000,160.031250,375.000000,2900.000000,188.906250
de_inferno,1978,BombsiteB,500.000000,3150.000000,160.031250,525.000000,3175.000000,204.031250
de_inferno,2672,TSpawn,-1425.000000,425.000000,-62.463058,-1400.000000,475.000000,-60.796741
de_inferno,227,CTSpawn,2275.000000,2100.000000,125.424751,2350.000000,2200.000000,120.031250
de_inferno,1674,,1675.000000,2400.000000,160.031250,1700.000000,2425.000000,160.031250
de_inferno,2627,Apartments,1275.000000,-375.000000,256.031250,1550.000000,-275.000000,256.031250
de_inferno,2819,BombsiteB,650.000000,2950.000000,132.026230,700.000000,2975.000000,131.649811
de_inferno,2855,,75.000000,-19.000000,220.031250,150.000000,-9.000000,220.031250
de_inferno,3173,Library,2325.000000,1400.000000,160.031250,2350.000000,1550.000000,160.031250
de_inferno,13,Banana,750.000000,1850.000000,128.179489,925.000000,2175.000000,140.031250
de_inferno,284,BombsiteB,150.000000,2625.000000,160.031250,225.000000,2700.000000,160.031250
de_inferno,2020,BombsiteB,800.000000,3550.000000,148.948730,825.000000,3575.000000,150.983780
de_inferno,2040,Ruins,1025.000000,3250.000000,129.031250,1050.000000,3275.000000,128.031250
de_inferno,202,SecondMid,725.000000,0.000000,89.371933,825.000000,100.000000,92.357323
de_inferno,330,Middle,25.000000,550.000000,68.521881,75.000000,750.000000,69.771530
de_inferno,299,CTSpawn,2300.000000,1600.000000,160.031250,2375.000000,1675.000000,160.031250
de_inferno,400,BombsiteA,2325.000000,750.000000,147.630066,2375.000000,825.000000,151.761734
de_inferno,525,,850.000000,2175.000000,142.031250,950.000000,2225.000000,140.031250
de_inferno,1279,LowerMid,-575.000000,507.481262,76.031235,-550.000000,517.481262,76.259949
de_inferno,1881,BombsiteB,150.000000,3025.000000,160.031250,175.000000,3050.000000,160.031250
de_inferno,2564,BackAlley,775.000000,-775.000000,94.147278,850.000000,-750.000000,93.876045
de_inferno,3066,CTSpawn,1800.000000,2250.000000,136.031250,1850.000000,2425.000000,132.031250
de_inferno,23,Ruins,1200.000000,2750.000000,128.324371,1375.000000,2925.000000,129.655426
de_inferno,317,TSpawn,-1425.000000,150.000000,-62.924694,-1350.000000,275.000000,-59.412434
de_inferno,1820,Banana,325.000000,2000.000000,128.031250,350.000000,2025.000000,128.031250
de_inferno,2716,TopofMid,1300.000000,375.000000,123.503052,1325.000000,425.000000,122.879311
de_inferno,261,Bridge,-425.000000,-25.000000,192.031250,-350.000000,50.000000,192.031250
de_inferno,1440,Underpass,275.000000,25.000000,62.875614,300.000000,50.000000,30.616169
de_inferno,617,TSpawn,-1475.000000,25.000000,-63.968750,-1450.000000,75.000000,-63.968750
de_inferno,1191,LowerMid,-500.000000,625.000000,-31.968750,-475.000000,650.000000,18.031250
de_inferno,2712,SecondMid,925.000000,-275.000000,99.458282,950.000000,-200.000000,89.337730
de_inferno,15,TopofMid,1325.000000,25.000000,130.031250,1500.000000,225.000000,132.955261
de_inferno,51,SecondMid,-75.000000,-200.000000,36.268677,75.000000,-50.000000,41.494991
de_inferno,1308,Upstairs,-425.000000,350.000000,184.031250,-400.000000,375.000000,184.031250
de_inferno,1865,Ruins,800.000000,3200.000000,160.031250,825.000000,3225.000000,160.031250
de_inferno,2287,CTSpawn,2300.000000,1700.000000,155.004181,2375.000000,1725.000000,138.337509
de_inferno,2789,SecondMid,575.000000,-150.000000,90.031250,650.000000,-125.000000,82.084473
de_inferno,2839,Pit,2375.000000,-525.000000,88.151436,2425.000000,-500.000000,82.887062
de_inferno,386,CTSpawn,1775.000000,2550.000000,135.853195,1850.000000,2650.000000,132.031250
de_inferno,532,,1225.000000,2625.000000,135.191696,1275.000000,2675.000000,133.541458
de_inferno,979,TSpawn,-1375.000000,-50.000000,0.031250,-1325.000000,-25.000000,0.031250
de_inferno,545,CTSpawn,2075.000000,2650.000000,132.031250,2175.000000,2700.000000,134.613678
de_inferno,600,,250.000000,1825.000000,123.423477,275.000000,1875.000000,125.245613
de_inferno,1878,BombsiteB,0.000000,2425.000000,160.031250,75.000000,2450.000000,160.031250
de_inferno,3172,Library,2375.000000,1550.000000,160.031250,2475.000000,1575.000000,160.031250
de_inferno,262,SecondMid,-475.000000,-225.000000,4.723162,-400.000000,-150.000000,9.159801
de_inferno,414,Banana,225.000000,1775.000000,120.574356,375.000000,1825.000000,124.783470
de_inferno,349,CTSpawn,1625.000000,2400.000000,160.031250,1675.000000,2500.000000,160.031250
de_inferno,827,Ruins,875.000000,3325.000000,128.031250,900.000000,3375.000000,128.031250
de_inferno,1172,LowerMid,-625.000000,587.481262,27.733067,-600.000000,597.481262,40.259926
de_inferno,146,SecondMid,-325.000000,-200.000000,13.977144,-225.000000,-100.000000,23.509640
de_inferno,231,BombsiteA,2025.000000,-25.000000,124.827774,2125.000000,125.000000,134.731293
de_inferno,595,TSpawn,-1650.000000,25.000000,-63.968750,-1600.000000,75.000000,-63.968750
de_inferno,2724,BombsiteA,2175.000000,650.000000,160.031250,2200.000000,700.000000,156.011978
de_inferno,147,SecondMid,-200.000000,-200.000000,27.927982,-75.000000,-25.000000,33.383434
de_inferno,259,Apartments,-425.000000,-575.000000,192.031250,-350.000000,-500.000000,192.031250
de_inferno,2715,TopofMid,1300.000000,325.000000,129.440964,1325.000000,375.000000,123.919731
de_inferno,2812,BombsiteA,2025.000000,150.000000,158.153198,2075.000000,175.000000,160.031250
de_inferno,2876,,1950.000000,-75.000000,211.670853,1975.000000,-50.000000,216.031250
de_inferno,3050,Apartments,1825.000000,-275.000000,256.031250,1925.000000,-200.000000,256.031250
de_inferno,314,LowerMid,-875.000000,50.000000,4.086637,-800.000000,275.000000,5.235873
de_inferno,2520,,2350.000000,-125.000000,122.029877,2400.000000,-100.000000,138.644699
de_inferno,1932,BombsiteB,350.000000,2600.000000,160.031250,375.000000,2625.000000,188.906250
de_inferno,2023,Ruins,925.000000,3275.000000,144.031250,950.000000,3300.000000,129.031250
de_inferno,2437,Library,2625.000000,1250.000000,160.031250,2650.000000,1275.000000,160.031250
de_inferno,2868,,1825.000000,-100.000000,152.031250,1850.000000,-75.000000,128.031250
de_inferno,3068,CTSpawn,1850.000000,2250.000000,136.031250,1875.000000,2350.000000,133.745529
de_inferno,803,BombsiteB,175.000000,2800.000000,160.031250,200.000000,2850.000000,160.031250
de_inferno,1682,CTSpawn,1775.000000,1775.000000,160.031250,1800.000000,1825.000000,166.031250
de_inferno,911,Library,2475.000000,1275.000000,160.031250,2500.000000,1325.000000,160.031250
de_inferno,1111,LowerMid,-825.000000,675.000000,-29.766796,-800.000000,700.000000,-8.612144
de_inferno,3043,Apartments,300.000000,-400.000000,96.031250,350.000000,-350.000000,96.031250
de_inferno,346,,900.000000,175.000000,151.759949,950.000000,300.000000,93.031242
de_inferno,653,LowerMid,-525.000000,625.000000,-31.968750,-500.000000,675.000000,-31.968750
de_inferno,1305,Upstairs,-500.000000,125.000000,184.031250,-475.000000,150.000000,184.031250
de_inferno,1888,BombsiteB,150.000000,2425.000000,160.031250,175.000000,2450.000000,160.031250
de_inferno,2647,LowerMid,-925.000000,-225.000000,0.031250,-800.000000,-175.000000,-2.945616
de_inferno,2774,TSpawn,-1500.000000,600.000000,-61.609646,-1425.000000,625.000000,-47.127594
de_inferno,2829,CTSpawn,1800.000000,2225.000000,136.031250,1850.000000,2250.000000,136.031250
de_inferno,2951,,2150.000000,2750.000000,152.031250,2250.000000,2875.000000,152.031250
de_inferno,355,CTSpawn,1725.000000,1625.000000,160.031250,1775.000000,1725.000000,160.031250
de_inferno,693,SecondMid,-225.000000,-225.000000,23.644001,-200.000000,-100.000000,25.635277
de_inferno,406,BackAlley,900.000000,-775.000000,99.337387,950.000000,-700.000000,105.971558
de_inferno,2746,CTSpawn,2350.000000,2175.000000,120.031250,2375.000000,2225.000000,122.068390
de_inferno,313,Banana,150.000000,1600.000000,113.031250,200.000000,1675.000000,114.955246
de_inferno,2072,BombsiteB,500.000000,2900.000000,160.031250,550.000000,2925.000000,160.031250
de_inferno,2149,,1225.000000,2675.000000,129.351562,1250.000000,2700.000000,130.085434
de_inferno,282,Ruins,750.000000,3125.000000,160.031250,825.000000,3200.000000,160.031250
de_inferno,285,BombsiteB,300.000000,2525.000000,160.031250,400.000000,2600.000000,160.031250
de_inferno,209,CTSpawn,2075.000000,1750.000000,128.031250,2150.000000,1900.000000,128.031250
de_inferno,3094,Graveyard,2500.000000,375.000000,212.805435,2550.000000,400.000000,212.717529
de_inferno,3163,Balcony,2075.000000,-200.000000,256.031250,2100.000000,-175.000000,256.031250
de_inferno,3167,SecondMid,600.000000,-25.000000,81.107323,675.000000,25.000000,87.292694
de_inferno,3028,,1850.000000,2925.000000,128.031250,1950.000000,2975.000000,128.031250
de_inferno,2525,Pit,2375.000000,-275.000000,91.889008,2425.000000,-250.000000,86.625290
de_inferno,2807,TopofMid,1500.000000,800.000000,139.239334,1525.000000,875.000000,149.408295
de_inferno,951,Graveyard,2450.000000,50.000000,212.291534,2475.000000,75.000000,212.069107
de_inferno,1087,TSpawn,-1325.000000,275.000000,-55.968750,-1300.000000,300.000000,-55.968750
de_inferno,3029,,1950.000000,2925.000000,128.031250,2050.000000,2975.000000,132.468811
de_inferno,1793,TopofMid,1325.000000,225.000000,130.675552,1375.000000,250.000000,127.641495
de_inferno,2604,TSpawn,-1575.000000,25.000000,-46.199039,-1550.000000,50.000000,-63.968750
de_inferno,2788,SecondMid,225.000000,-50.000000,52.865524,275.000000,-25.000000,60.959568
de_inferno,22,BombsiteB,675.000000,2475.000000,136.031250,850.000000,2650.000000,135.342880
de_inferno,556,CTSpawn,2025.000000,1650.000000,160.031250,2125.000000,1700.000000,160.031250
de_inferno,2878,,1950.000000,-125.000000,211.670853,1975.000000,-100.000000,228.031250
de_inferno,239,Pit,2575.000000,-475.000000,86.178246,2650.000000,-325.000000,88.624954
de_inferno,2052,BombsiteB,525.000000,3075.000000,262.031250,550.000000,3100.000000,204.031250
de_inferno,2617,TSpawn,-1600.000000,25.000000,-63.968750,-1575.000000,50.000000,-63.968750
de_inferno,2736,BombsiteB,650.000000,2550.000000,139.930176,675.000000,2600.000000,136.180878
de_inferno,3158,Balcony,1988.182129,-150.000000,256.031250,2000.000000,-129.475067,292.031250
de_inferno,513,BombsiteB,175.000000,2850.000000,160.031250,225.000000,2900.000000,160.031250
de_inferno,2129,Banana,925.000000,1925.000000,134.658600,950.000000,2125.000000,140.031250
de_inferno,830,BombsiteB,575.000000,2825.000000,160.031250,600.000000,2875.000000,160.031250
de_inferno,2741,CTSpawn,2150.000000,2250.000000,136.031250,2175.000000,2300.000000,132.031250
de_inferno,249,TRamp,-475.000000,775.000000,-31.616186,-350.000000,850.000000,-20.968750
de_inferno,439,Upstairs,-350.000000,275.000000,184.031250,-300.000000,325.000000,184.031250
de_inferno,2653,Arch,1575.000000,1025.000000,155.109741,1675.000000,1075.000000,162.056870
de_inferno,2763,Balcony,2075.000000,-375.000000,256.031250,2100.000000,-325.000000,256.031250
de_inferno,376,Ruins,975.000000,3250.000000,129.031250,1025.000000,3325.000000,128.031250
de_inferno,2605,TSpawn,-1600.000000,50.000000,-63.968750,-1550.000000,75.000000,-63.968750
de_inferno,2027,Ruins,950.000000,3100.000000,133.259918,975.000000,3250.000000,129.031250
de_inferno,3030,TSpawn,-1350.000000,150.000000,-54.968750,-1300.000000,250.000000,-55.368752
de_inferno,772,BombsiteA,1875.000000,450.000000,160.031250,1900.000000,500.000000,160.031250
de_inferno,1627,,900.000000,150.000000,158.031250,950.000000,175.000000,151.759949
de_inferno,311,Apartments,1100.000000,-50.000000,256.031250,1150.000000,25.000000,256.031250
de_inferno,855,CTSpawn,1750.000000,2675.000000,132.031250,1775.000000,2750.000000,128.022018
de_inferno,1151,LowerMid,-700.000000,425.000000,-31.470583,-675.000000,450.000000,-31.918251
de_inferno,2885,,2025.000000,-75.000000,198.031250,2075.000000,-50.000000,198.031250
de_inferno,47,BombsiteB,650.000000,2800.000000,131.719604,800.000000,2950.000000,128.669159
de_inferno,92,Library,2475.000000,1425.000000,160.031250,2600.000000,1550.000000,160.031250
de_inferno,2857,LowerMid,-643.000000,450.000000,76.031250,-633.000000,500.000000,76.031250
de_inferno,3031,TSpawn,-1300.000000,150.000000,-55.368752,-1225.000000,250.000000,-55.968750
de_inferno,3054,BombsiteA,2225.000000,950.000000,160.031250,2425.000000,1100.000000,161.314102
de_inferno,5,BombsiteB,275.000000,2925.000000,160.031250,475.000000,3150.000000,160.031250
de_inferno,1260,Banana,150.000000,1000.000000,79.944000,175.000000,1050.000000,88.146423
de_inferno,1068,TSpawn,-1500.000000,625.000000,-49.272236,-1425.000000,650.000000,-43.968750
de_inferno,2036,Ruins,950.000000,3075.000000,128.031250,975.000000,3100.000000,128.031250
de_inferno,2778,TSpawn,-1600.000000,650.000000,-43.968750,-1525.000000,675.000000,-50.398506
de_inferno,58,Arch,1600.000000,1075.000000,157.942993,1750.000000,1225.000000,159.623352
de_inferno,445,LowerMid,-650.000000,525.000000,-20.740047,-525.000000,575.000000,40.031250
de_inferno,2787,SecondMid,150.000000,-50.000000,48.335804,225.000000,-25.000000,56.295605
de_inferno,3087,TSpawn,-1300.000000,475.000000,-55.968750,-1175.000000,525.000000,-55.968750
de_inferno,552,CTSpawn,2325.000000,2325.000000,125.175774,2425.000000,2375.000000,128.031250
de_inferno,789,Banana,225.000000,1325.000000,96.993492,250.000000,1400.000000,107.031250
de_inferno,903,BombsiteA,2075.000000,150.000000,160.031250,2100.000000,200.000000,160.031250
de_inferno,1733,BombsiteA,1650.000000,100.000000,129.443939,1700.000000,125.000000,131.998932
de_inferno,21,Middle,950.000000,425.000000,87.958076,1325.000000,600.000000,123.504608
de_inferno,857,CTSpawn,1750.000000,2425.000000,132.031250,1775.000000,2500.000000,132.031250
de_inferno,1948,BombsiteB,375.000000,2825.000000,160.031250,400.000000,2850.000000,160.031250
de_inferno,2713,SecondMid,925.000000,-200.000000,92.462730,950.000000,-125.000000,88.947342
de_inferno,2790,SecondMid,650.000000,-150.000000,90.031250,700.000000,-125.000000,88.031250
de_inferno,2820,BombsiteB,700.000000,2950.000000,128.974930,750.000000,2975.000000,131.686493
de_inferno,3168,SecondMid,675.000000,-25.000000,86.926315,700.000000,0.000000,88.031250
de_inferno,64,BombsiteB,675.000000,2650.000000,135.625427,800.000000,2800.000000,126.395630
de_inferno,172,Pit,2450.000000,-300.000000,86.401787,2625.000000,-200.000000,88.031242
de_inferno,1382,LowerMid,-550.000000,507.481262,76.259949,-525.000000,517.481262,76.031250
de_inferno,2785,TRamp,-575.000000,875.000000,23.670914,-525.000000,900.000000,24.031250
de_inferno,1885,BombsiteB,100.000000,2450.000000,160.031250,125.000000,2475.000000,160.031250
de_inferno,3153,BombsiteA,2150.000000,375.000000,160.031250,2175.000000,400.000000,147.671051
de_inferno,28,LowerMid,-875.000000,-400.000000,1.944626,-700.000000,-225.000000,-3.294460
de_inferno,280,Banana,225.000000,1550.000000,113.031250,300.000000,1625.000000,114.610962
de_inferno,1929,BombsiteB,325.000000,2650.000000,160.031250,350.000000,2675.000000,160.031250
de_inferno,2135,BombsiteB,975.000000,2650.000000,128.507935,1000.000000,2675.000000,127.986488
de_inferno,2463,Pit,2175.000000,-250.000000,116.031250,2200.000000,-225.000000,98.574890
de_inferno,2692,LowerMid,-675.000000,275.000000,5.235873,-650.000000,325.000000,8.879658
de_inferno,609,TSpawn,-1725.000000,475.000000,-61.420250,-1700.000000,725.000000,-50.433395
de_inferno,1418,,175.000000,700.000000,79.507492,200.000000,725.000000,38.991169
de_inferno,498,BombsiteA,1750.000000,-75.000000,130.581802,1900.000000,-25.000000,126.817703
de_inferno,783,Banana,150.000000,900.000000,78.500610,175.000000,950.000000,77.152405
de_inferno,886,CTSpawn,2475.000000,1850.000000,129.031250,2500.000000,1925.000000,129.031250
de_inferno,2742,CTSpawn,2150.000000,2300.000000,136.031250,2175.000000,2350.000000,132.031250
de_inferno,3169,Library,2350.000000,1400.000000,160.031250,2475.000000,1550.000000,160.031250
de_inferno,157,BombsiteA,1825.000000,275.000000,160.031250,2000.000000,375.000000,160.031250
de_inferno,211,BombsiteA,1825.000000,600.000000,160.031250,1900.000000,700.000000,160.031250
de_inferno,2949,Balcony,1988.171387,-101.152802,251.404724,2000.000000,-50.000000,219.625031
de_inferno,3038,Upstairs,-600.000000,75.000000,184.031250,-525.000000,125.000000,184.031250
de_inferno,3128,BombsiteA,2050.000000,500.000000,160.031250,2175.000000,625.000000,160.031250
de_inferno,907,BombsiteA,2100.000000,-100.000000,126.948082,2125.000000,-25.000000,125.378670
de_inferno,1304,Upstairs,-450.000000,300.000000,189.399658,-425.000000,350.000000,184.031250
de_inferno,258,Apartments,-250.000000,-475.000000,192.031250,-150.000000,-400.000000,192.031250
de_inferno,808,BombsiteB,300.000000,2800.000000,160.031250,325.000000,2850.000000,160.031250
de_inferno,1902,BombsiteB,225.000000,2750.000000,188.906250,250.000000,2775.000000,160.031250
de_inferno,2677,LowerMid,-850.000000,550.000000,-31.968750,-825.000000,600.000000,-28.250553
de_inferno,2772,TSpawn,-1600.000000,600.000000,-63.968750,-1550.000000,625.000000,-47.638268
de_inferno,3157,Balcony,1975.000000,-225.000000,256.031250,2000.000000,-150.000000,256.031250
de_inferno,24,CTSpawn,1675.000000,2750.000000,127.355545,2075.000000,2925.000000,133.302841
de_inferno,207,CTSpawn,1625.000000,2500.000000,160.031250,1700.000000,2675.000000,160.031250
de_inferno,3152,BombsiteA,2150.000000,350.000000,160.031250,2175.000000,375.000000,160.031250
de_inferno,3161,Balcony,2075.000000,-250.000000,256.031250,2100.000000,-200.000000,256.031250
de_inferno,3166,Balcony,2100.000000,-198.831833,256.031250,2109.303223,-175.000000,292.031250
de_inferno,220,BombsiteB,800.000000,2650.000000,132.490372,925.000000,2775.000000,128.614700
de_inferno,356,CTSpawn,2025.000000,1750.000000,147.759903,2075.000000,1875.000000,128.031250
de_inferno,1893,BombsiteB,200.000000,2800.000000,160.031250,225.000000,2825.000000,188.906250
de_inferno,2818,Ruins,925.000000,3175.000000,144.031250,950.000000,3250.000000,133.259918
de_inferno,2862,,2400.000000,-50.000000,142.031250,2425.000000,-25.000000,142.031250
de_inferno,811,BombsiteB,400.000000,3350.000000,160.031250,425.000000,3400.000000,160.031250
de_inferno,1447,SecondMid,450.000000,-150.000000,90.031250,475.000000,-125.000000,64.288757
de_inferno,782,Middle,150.000000,750.000000,77.104401,175.000000,825.000000,77.047302
de_inferno,2075,BombsiteB,500.000000,2775.000000,188.906250,525.000000,2800.000000,160.031250
de_inferno,2680,LowerMid,-700.000000,300.000000,-2.576634,-675.000000,350.000000,2.516291
de_inferno,549,CTSpawn,2250.000000,2200.000000,128.031250,2350.000000,2250.000000,120.031250
de_inferno,688,Apartments,-425.000000,-500.000000,192.031250,-400.000000,-425.000000,192.031250
de_inferno,2723,BombsiteA,2175.000000,575.000000,160.031250,2200.000000,650.000000,155.215103
de_inferno,1204,,-450.000000,587.481262,76.031250,-425.000000,597.481262,76.031250
de_inferno,2644,CTSpawn,1625.000000,2075.000000,160.031250,1675.000000,2225.000000,160.031250
de_inferno,1918,BombsiteB,300.000000,2900.000000,188.906250,325.000000,2925.000000,160.031250
de_inferno,1923,BombsiteB,275.000000,2700.000000,160.031250,300.000000,2725.000000,160.031250
de_inferno,1936,BombsiteB,300.000000,2625.000000,160.031250,325.000000,2650.000000,160.031250
de_inferno,2765,Apartments,1175.000000,-600.000000,128.031250,1225.000000,-575.000000,137.004211
de_inferno,2814,Ruins,850.000000,3175.000000,160.031250,875.000000,3250.000000,154.759872
de_inferno,3155,Balcony,1988.182129,-125.140671,292.031250,2009.074341,-116.392792,251.404724
de_inferno,464,BackAlley,425.000000,-725.000000,91.535248,650.000000,-625.000000,94.482864
de_inferno,959,Balcony,900.000000,-175.000000,256.031250,950.000000,-150.000000,256.031250
de_inferno,2633,Apartments,1000.000000,-675.000000,128.031250,1150.000000,-600.000000,128.031250
de_inferno,1381,Upstairs,-550.000000,375.000000,40.031250,-525.000000,400.000000,40.031250
de_inferno,2109,,700.000000,2150.000000,136.031250,750.000000,2175.000000,136.566025
de_inferno,2664,TSpawn,-1750.000000,150.000000,-62.526733,-1725.000000,225.000000,-61.463219
de_inferno,2666,TSpawn,-1750.000000,100.000000,-59.968750,-1725.000000,150.000000,-62.601341
de_inferno,148,SecondMid,325.000000,-75.000000,57.519512,600.000000,25.000000,83.724426
de_inferno,730,SecondMid,825.000000,50.000000,94.160408,850.000000,100.000000,91.905960
de_inferno,1428,Middle,275.000000,450.000000,82.376236,300.000000,475.000000,81.748123
de_inferno,2587,SecondMid,-475.000000,-250.000000,9.744528,-450.000000,-225.000000,4.946188
de_inferno,2752,BombsiteA,2375.000000,850.000000,152.377045,2400.000000,900.000000,155.699860
de_inferno,2831,CTSpawn,2000.000000,2225.000000,136.031250,2075.000000,2250.000000,138.031250
de_inferno,1,TSpawn,-1725.000000,75.000000,-63.968750,-1425.000000,400.000000,-62.463058
de_inferno,256,Upstairs,-425.000000,275.000000,184.031250,-350.000000,350.000000,184.031250
de_inferno,2883,,1975.000000,-25.000000,173.031250,2000.000000,0.000000,173.031250
de_inferno,143,Apartments,75.000000,-500.000000,96.031250,350.000000,-400.000000,96.031250
de_inferno,880,CTSpawn,2325.000000,2250.000000,121.093048,2350.000000,2325.000000,126.232361
de_inferno,2640,Middle,675.000000,550.000000,86.319183,725.000000,650.000000,87.883568
de_inferno,31,TopofMid,1325.000000,350.000000,125.447495,1475.000000,525.000000,134.022079
de_inferno,2422,BombsiteA,2125.000000,125.000000,134.731293,2150.000000,150.000000,160.031250
de_inferno,812,BombsiteB,400.000000,2700.000000,160.031250,425.000000,2750.000000,160.031250
de_inferno,2630,LowerMid,-1000.000000,100.000000,0.031250,-925.000000,225.000000,0.031250
de_inferno,3140,BombsiteA,2175.000000,475.000000,147.671051,2200.000000,525.000000,146.684418
de_inferno,18,TSpawn,-1700.000000,400.000000,-62.313129,-1425.000000,600.000000,-55.598217
de_inferno,312,Apartments,1125.000000,-375.000000,256.031250,1175.000000,-275.000000,256.031250
de_inferno,529,BombsiteB,925.000000,2625.000000,135.003799,975.000000,2675.000000,128.279434
de_inferno,1478,SecondMid,300.000000,-75.000000,55.289402,325.000000,-50.000000,60.397751
de_inferno,2687,LowerMid,-675.000000,125.000000,-3.156999,-650.000000,175.000000,3.031243
de_inferno,305,Pit,2350.000000,-350.000000,86.261520,2450.000000,-275.000000,86.401787
de_inferno,362,BombsiteA,2125.000000,625.000000,160.031250,2175.000000,700.000000,160.031250
de_inferno,885,CTSpawn,2500.000000,2300.000000,129.031250,2525.000000,2350.000000,129.031250
de_inferno,1370,Apartments,-350.000000,-525.000000,192.031250,-325.000000,-500.000000,192.031250
de_inferno,1930,BombsiteB,350.000000,2650.000000,160.031250,375.000000,2675.000000,160.031250
de_inferno,3104,Graveyard,2475.000000,175.000000,124.031250,2500.000000,225.000000,125.004227
de_inferno,961,Apartments,1050.000000,-250.000000,256.031250,1075.000000,-225.000000,257.792236
de_inferno,975,Banana,125.000000,1600.000000,113.031250,150.000000,1625.000000,111.775475
de_inferno,287,BombsiteB,425.000000,2450.000000,160.031250,500.000000,2525.000000,160.031250
de_inferno,2838,Pit,2325.000000,-525.000000,86.969849,2375.000000,-500.000000,85.651421
de_inferno,769,Quad,1525.000000,-25.000000,130.031250,1550.000000,25.000000,130.031250
de_inferno,17,TSpawn,-1175.000000,-450.000000,0.031250,-1000.000000,-275.000000,0.031250
de_inferno,765,TopofMid,1475.000000,350.000000,132.084015,1500.000000,425.000000,134.870209
de_inferno,1823,Banana,375.000000,2100.000000,129.163910,400.000000,2125.000000,129.641022
de_inferno,1895,BombsiteB,250.000000,3025.000000,160.031250,275.000000,3050.000000,160.031250
de_inferno,2,CTSpawn,2050.000000,2400.000000,132.031250,2325.000000,2650.000000,128.031250
de_inferno,1840,Banana,450.000000,1825.000000,134.093079,475.000000,1850.000000,130.031250
de_inferno,802,BombsiteB,125.000000,2425.000000,160.031250,150.000000,2475.000000,160.031250
de_inferno,2533,Pit,2575.000000,-325.000000,83.745987,2625.000000,-300.000000,86.401779
de_inferno,2670,TSpawn,-1425.000000,325.000000,-62.390274,-1400.000000,375.000000,-60.739227
de_inferno,45,BombsiteB,400.000000,3200.000000,160.031250,550.000000,3350.000000,160.031250
de_inferno,216,BombsiteB,0.000000,2550.000000,160.031250,75.000000,2700.000000,160.031250
de_inferno,3080,BombsiteB,725.000000,3475.000000,130.746017,750.000000,3600.000000,157.443069
de_inferno,205,SecondMid,850.000000,300.000000,87.133926,950.000000,425.000000,87.958076
de_inferno,523,BombsiteB,750.000000,2950.000000,129.031158,800.000000,3000.000000,131.501114
de_inferno,2860,Ruins,1350.000000,2925.000000,129.655426,1450.000000,2950.000000,134.425659
de_inferno,2698,SecondMid,-500.000000,-200.000000,5.802719,-475.000000,-150.000000,5.220292
de_inferno,2740,CTSpawn,1950.000000,2300.000000,136.031250,1975.000000,2350.000000,136.031250
de_inferno,297,CTSpawn,2425.000000,2300.000000,128.031250,2500.000000,2375.000000,129.031250
de_inferno,479,SecondMid,825.000000,0.000000,93.534531,875.000000,50.000000,95.090912
de_inferno,966,Apartments,1100.000000,25.000000,256.031250,1125.000000,50.000000,256.031250
de_inferno,2779,TSpawn,-1525.000000,650.000000,-43.968750,-1475.000000,675.000000,-50.159168
de_inferno,76,SecondMid,-500.000000,-150.000000,5.658487,-325.000000,-25.000000,19.854401
de_inferno,283,BombsiteB,0.000000,2900.000000,160.031250,75.000000,2975.000000,160.031250
de_inferno,61,BombsiteA,1750.000000,-25.000000,129.009720,1875.000000,150.000000,131.565506
de_inferno,2562,Apartments,950.000000,-650.000000,128.440964,975.000000,-625.000000,128.031250
de_inferno,2734,Ruins,900.000000,3250.000000,144.031250,925.000000,3300.000000,141.199875
de_inferno,800,BombsiteB,125.000000,2900.000000,160.031250,150.000000,2975.000000,160.031250
de_inferno,939,Apartments,975.000000,-675.000000,128.031250,1000.000000,-625.000000,128.031250
de_inferno,2563,BackAlley,875.000000,-775.000000,95.691566,900.000000,-750.000000,99.106689
de_inferno,3062,CTSpawn,1625.000000,1725.000000,160.031250,1675.000000,1900.000000,160.746689
de_inferno,187,LowerMid,-500.000000,425.000000,40.031250,-425.000000,575.000000,40.031250
de_inferno,235,Graveyard,2550.000000,175.000000,212.760117,2625.000000,375.000000,212.278671
de_inferno,2771,TSpawn,-1650.000000,600.000000,-63.968750,-1600.000000,625.000000,-46.085178
de_inferno,3037,LowerMid,-575.000000,425.000000,40.031250,-550.000000,500.000000,40.031250
de_inferno,440,Kitchen,-225.000000,50.000000,184.031250,-175.000000,100.000000,184.031250
de_inferno,2676,LowerMid,-850.000000,500.000000,-31.968750,-825.000000,550.000000,-32.934429
de_inferno,1392,SecondMid,-400.000000,-250.000000,10.823943,-350.000000,-200.000000,12.325491
de_inferno,2065,BombsiteB,475.000000,2700.000000,188.906250,500.000000,2725.000000,160.031250
de_inferno,778,SecondMid,775.000000,-300.000000,98.007309,800.000000,-250.000000,95.664276
de_inferno,1291,Apartments,-450.000000,-575.000000,192.031250,-425.000000,-550.000000,192.031250
de_inferno,2518,Pit,2325.000000,-300.000000,92.829041,2350.000000,-275.000000,92.615311
de_inferno,1933,BombsiteB,300.000000,2425.000000,160.031250,325.000000,2450.000000,160.031250
de_inferno,1960,BombsiteB,375.000000,2625.000000,188.906250,400.000000,2650.000000,188.906250
de_inferno,668,Banana,100.000000,1450.000000,107.031250,125.000000,1500.000000,106.211029
de_inferno,2748,CTSpawn,2350.000000,2275.000000,121.683113,2375.000000,2325.000000,128.031250
de_inferno,973,Banana,175.000000,1675.000000,113.788010,200.000000,1725.000000,122.031250
de_inferno,1706,CTSpawn,2050.000000,1875.000000,135.259933,2075.000000,1900.000000,128.031250
de_inferno,268,SecondMid,700.000000,-250.000000,90.401779,800.000000,-175.000000,92.824738
de_inferno,918,BombsiteA,2350.000000,-50.000000,128.381714,2400.000000,25.000000,128.942093
de_inferno,2766,Apartments,1225.000000,-600.000000,128.031250,1275.000000,-575.000000,137.004211
de_inferno,72,Pit,2200.000000,-300.000000,85.178810,2325.000000,-150.000000,115.509605
de_inferno,2043,Ruins,925.000000,3050.000000,144.031250,950.000000,3075.000000,128.031250
de_inferno,2318,CTSpawn,2375.000000,1675.000000,160.031250,2400.000000,1700.000000,160.031250
de_inferno,3095,Graveyard,2550.000000,375.000000,212.289307,2575.000000,400.000000,212.587692
de_inferno,142,Kitchen,-300.000000,250.000000,184.031250,-200.000000,350.000000,184.031250
de_inferno,2629,LowerMid,-1000.000000,-25.000000,0.031250,-925.000000,100.000000,0.031250
de_inferno,1748,BombsiteA,1900.000000,625.000000,160.031250,1925.000000,650.000000,160.031250
de_inferno,2041,Ruins,1050.000000,3100.000000,128.031250,1075.000000,3125.000000,128.031250
de_inferno,2286,CTSpawn,2300.000000,1675.000000,160.031250,2375.000000,1700.000000,155.004227
de_inferno,2594,TSpawn,-1050.000000,-475.000000,0.031250,-1000.000000,-450.000000,0.031250
de_inferno,2747,CTSpawn,2350.000000,2225.000000,120.031250,2375.000000,2275.000000,123.585518
de_inferno,3035,LowerMid,-550.000000,425.000000,40.031250,-500.000000,500.000000,40.031250
de_inferno,9,Banana,475.000000,1925.000000,128.437164,675.000000,2125.000000,135.842911
de_inferno,409,SecondMid,-200.000000,-275.000000,31.703279,-150.000000,-200.000000,31.231287
de_inferno,260,Apartments,-425.000000,-350.000000,192.031250,-350.000000,-275.000000,192.031250
de_inferno,1615,BackAlley,900.000000,-675.000000,98.347206,925.000000,-625.000000,115.670898
de_inferno,3040,Kitchen,-75.000000,250.000000,184.031250,-25.000000,375.000000,184.031250
de_inferno,40,Library,2475.000000,1100.000000,160.031250,2625.000000,1275.000000,160.031250
de_inferno,43,Middle,325.000000,500.000000,80.076965,475.000000,650.000000,86.821457
de_inferno,2691,LowerMid,-675.000000,225.000000,-2.847805,-650.000000,275.000000,8.194291
de_inferno,332,Apartments,-450.000000,-425.000000,192.031250,-400.000000,-350.000000,192.031250
de_inferno,2003,BombsiteB,700.000000,3475.000000,140.494141,725.000000,3550.000000,148.664078
de_inferno,531,,1200.000000,2700.000000,127.485260,1275.000000,2750.000000,127.981354
de_inferno,821,Ruins,1025.000000,3075.000000,128.031250,1050.000000,3125.000000,128.031250
de_inferno,897,TopofMid,1300.000000,200.000000,134.735992,1325.000000,250.000000,126.217346
de_inferno,2275,CTSpawn,2250.000000,1925.000000,127.282341,2300.000000,1950.000000,123.330093
de_inferno,2726,Ruins,825.000000,3200.000000,160.031250,850.000000,3275.000000,160.031250
de_inferno,2811,BombsiteA,1975.000000,150.000000,158.153198,2025.000000,175.000000,162.031250
de_inferno,186,TSpawn,-1300.000000,250.000000,-55.968750,-1225.000000,350.000000,-55.968750
de_inferno,321,LowerMid,-700.000000,-375.000000,-3.345068,-650.000000,-225.000000,-0.536701
de_inferno,839,BombsiteB,850.000000,2225.000000,142.031250,875.000000,2500.000000,142.031250
de_inferno,2638,Middle,200.000000,600.000000,76.583336,250.000000,675.000000,80.031250
de_inferno,2802,TopofMid,1425.000000,525.000000,133.188736,1475.000000,550.000000,134.022079
de_inferno,530,Ruins,1200.000000,2925.000000,125.440765,1275.000000,2975.000000,131.137665
de_inferno,550,CTSpawn,2225.000000,2100.000000,128.023758,2275.000000,2150.000000,125.672256
de_inferno,1181,TRamp,-575.000000,775.000000,-32.124207,-525.000000,875.000000,23.670918
de_inferno,1605,SecondMid,875.000000,25.000000,95.658691,900.000000,50.000000,95.721481
de_inferno,2087,BombsiteB,575.000000,2575.000000,160.031250,600.000000,2600.000000,159.973587
de_inferno,90,Ruins,1150.000000,3075.000000,129.031250,1275.000000,3200.000000,128.031250
de_inferno,295,CTSpawn,2075.000000,2250.000000,138.031250,2150.000000,2325.000000,136.031250
de_inferno,697,Middle,175.000000,625.000000,74.942085,200.000000,675.000000,79.612221
de_inferno,1044,TSpawn,-1700.000000,600.000000,-63.968750,-1650.000000,675.000000,-50.372791
de_inferno,1374,Apartments,-425.000000,-600.000000,192.031250,-400.000000,-575.000000,192.031250
de_inferno,1606,SecondMid,850.000000,-325.000000,98.731804,925.000000,-300.000000,100.091644
de_inferno,2722,BombsiteA,2175.000000,525.000000,160.031250,2200.000000,575.000000,152.107697
de_inferno,12,BombsiteB,0.000000,2700.000000,160.031250,175.000000,2900.000000,160.031250
de_inferno,514,BombsiteB,300.000000,2675.000000,160.031250,400.000000,2725.000000,160.031250
de_inferno,924,Graveyard,2500.000000,25.000000,212.121887,2525.000000,125.000000,212.031250
de_inferno,944,,325.000000,-350.000000,96.031250,350.000000,-300.000000,94.259949
de_inferno,1058,TSpawn,-1650.000000,625.000000,-57.598217,-1625.000000,650.000000,-44.386749
de_inferno,2572,SecondMid,250.000000,-200.000000,108.031250,275.000000,-175.000000,88.031250
de_inferno,277,TopofMid,1500.000000,1025.000000,151.167313,1575.000000,1100.000000,158.211563
de_inferno,638,LowerMid,-800.000000,225.000000,-0.375271,-700.000000,400.000000,-30.544655
de_inferno,1201,LowerMid,-475.000000,675.000000,-31.968750,-450.000000,700.000000,-31.968750
de_inferno,2104,BombsiteB,650.000000,2750.000000,145.013626,675.000000,2800.000000,131.124847
de_inferno,2675,LowerMid,-850.000000,450.000000,-31.968750,-825.000000,500.000000,-31.968750
de_inferno,2685,LowerMid,-675.000000,25.000000,-2.651747,-650.000000,75.000000,-0.923590
de_inferno,2866,,1800.000000,-125.000000,152.031250,1875.000000,-100.000000,152.031250
de_inferno,69,BombsiteA,2200.000000,525.000000,149.032639,2325.000000,825.000000,151.102753
de_inferno,804,BombsiteB,175.000000,2700.000000,160.031250,200.000000,2750.000000,160.031250
de_inferno,269,BackAlley,650.000000,-700.000000,90.472961,800.000000,-625.000000,92.600922
de_inferno,2131,Banana,975.000000,1850.000000,141.428436,1000.000000,1875.000000,145.493454
de_inferno,1314,Upstairs,-425.000000,50.000000,192.031250,-350.000000,75.000000,184.031250
de_inferno,3045,Apartments,275.000000,-625.000000,96.031250,350.000000,-500.000000,96.031250
de_inferno,208,CTSpawn,1625.000000,2225.000000,160.031250,1700.000000,2400.000000,160.031250
de_inferno,674,Middle,25.000000,750.000000,68.963676,50.000000,825.000000,67.170891
de_inferno,2269,CTSpawn,2225.000000,2000.000000,133.031250,2250.000000,2050.000000,127.652458
de_inferno,2806,Arch,1600.000000,1000.000000,159.002182,1650.000000,1025.000000,162.133347
de_inferno,1877,BombsiteB,275.000000,3150.000000,160.031250,400.000000,3175.000000,160.031250
de_inferno,1987,BombsiteB,625.000000,3500.000000,160.031250,650.000000,3525.000000,192.031250
de_inferno,1476,SecondMid,350.000000,-300.000000,94.259949,375.000000,-275.000000,88.031250
de_inferno,1927,BombsiteB,325.000000,2600.000000,160.031250,350.000000,2625.000000,188.906250
de_inferno,2308,,2525.000000,2200.000000,129.031250,2550.000000,2225.000000,129.031250
de_inferno,241,TSpawn,-1450.000000,-175.000000,-63.968750,-1350.000000,-75.000000,-0.995868
de_inferno,603,TSpawn,-1200.000000,-150.000000,36.281250,-1175.000000,-75.000000,36.281250
de_inferno,2694,Banana,50.000000,1075.000000,89.475609,75.000000,1150.000000,86.759140
de_inferno,103,TSpawn,-1750.000000,-75.000000,-63.968750,-1650.000000,50.000000,-63.968750
de_inferno,680,Deck,-100.000000,150.000000,184.031250,-75.000000,200.000000,184.031250
de_inferno,3093,Graveyard,2500.000000,400.000000,212.977203,2575.000000,575.000000,216.482788
de_inferno,26,Pit,2075.000000,-475.000000,85.031250,2250.000000,-300.000000,87.401253
de_inferno,992,TSpawn,-1200.000000,-175.000000,0.031250,-1175.000000,-150.000000,36.281250
de_inferno,3135,BombsiteA,2150.000000,400.000000,160.031250,2200.000000,475.000000,141.209213
de_inferno,52,TSpawn,-1600.000000,675.000000,-51.121452,-1400.000000,875.000000,-46.637569
de_inferno,1883,BombsiteB,125.000000,2675.000000,160.031250,150.000000,2700.000000,160.031250
de_inferno,219,BombsiteB,525.000000,2725.000000,160.031250,600.000000,2825.000000,160.031250
de_inferno,2650,TRamp,-75.000000,775.000000,40.180019,25.000000,825.000000,64.909912
de_inferno,46,Ruins,900.000000,3325.000000,128.031250,1050.000000,3475.000000,128.031250
de_inferno,441,Kitchen,-275.000000,200.000000,184.031250,-225.000000,250.000000,184.031250
de_inferno,3096,Graveyard,2450.000000,375.000000,213.321564,2500.000000,400.000000,212.977203
de_inferno,1035,TSpawn,-1725.000000,800.000000,-49.998028,-1650.000000,825.000000,-51.470802
de_inferno,2792,SecondMid,725.000000,-275.000000,95.401787,775.000000,-250.000000,95.330742
de_inferno,309,LowerMid,-875.000000,-475.000000,3.194624,-675.000000,-400.000000,-0.011747
de_inferno,774,Apartments,1250.000000,300.000000,128.031250,1275.000000,375.000000,128.031250
de_inferno,1107,LowerMid,-825.000000,350.000000,-15.980930,-800.000000,400.000000,-29.847918
de_inferno,1689,CTSpawn,1800.000000,1825.000000,166.031250,1850.000000,1850.000000,162.104950
de_inferno,1951,BombsiteB,375.000000,2900.000000,188.906250,400.000000,2925.000000,160.031250
de_inferno,2055,BombsiteB,450.000000,2850.000000,188.906250,475.000000,2875.000000,160.031250
de_inferno,59,Arch,1750.000000,1300.000000,160.031250,1875.000000,1450.000000,160.031250
de_inferno,184,LowerMid,-1000.000000,-475.000000,0.031250,-925.000000,-175.000000,0.031250
de_inferno,2669,TSpawn,-1425.000000,275.000000,-60.481415,-1400.000000,325.000000,-60.965096
de_inferno,1928,BombsiteB,325.000000,2625.000000,188.906250,350.000000,2650.000000,160.031250
de_inferno,3052,Library,2425.000000,1100.000000,159.634323,2475.000000,1125.000000,160.031250
de_inferno,2631,Ruins,1125.000000,2650.000000,132.177551,1200.000000,2825.000000,127.531296
de_inferno,2737,CTSpawn,1775.000000,2225.000000,136.031250,1800.000000,2300.000000,136.031250
de_inferno,2284,CTSpawn,2250.000000,1675.000000,160.031250,2275.000000,1700.000000,160.031250
de_inferno,300,BombsiteA,2150.000000,1000.000000,159.539307,2225.000000,1200.000000,164.116165
de_inferno,1194,TRamp,-500.000000,800.000000,-31.024971,-475.000000,825.000000,-30.580118
de_inferno,2804,Arch,1650.000000,1000.000000,171.440964,1725.000000,1025.000000,165.985458
de_inferno,116,Arch,1775.000000,1450.000000,160.031250,1875.000000,1625.000000,160.031250
de_inferno,139,Banana,275.000000,1825.000000,125.649887,375.000000,1925.000000,128.031250
de_inferno,2384,Pit,2075.000000,-200.000000,85.031250,2125.000000,-175.000000,85.031250
de_inferno,2655,BombsiteA,2000.000000,300.000000,160.031250,2100.000000,350.000000,160.031250
de_inferno,272,SecondMid,875.000000,-50.000000,92.347038,950.000000,25.000000,91.601761
de_inferno,1620,,850.000000,275.000000,87.281906,875.000000,300.000000,89.259926
de_inferno,1150,LowerMid,-675.000000,575.000000,-31.365505,-650.000000,600.000000,-31.958075
de_inferno,2028,Ruins,950.000000,3250.000000,133.259918,975.000000,3275.000000,129.031250
de_inferno,42,Apartments,-400.000000,-500.000000,192.031250,-250.000000,-350.000000,192.031250
de_inferno,481,,900.000000,100.000000,158.031250,950.000000,150.000000,158.031250
de_inferno,946,SecondMid,-350.000000,-275.000000,19.097675,-325.000000,-200.000000,13.977144
de_inferno,1989,BombsiteB,625.000000,3550.000000,160.031250,650.000000,3575.000000,192.031250
de_inferno,1945,BombsiteB,350.000000,2900.000000,188.906250,375.000000,2925.000000,160.031250
de_inferno,3099,Graveyard,2425.000000,150.000000,126.401787,2475.000000,200.000000,124.031250
de_inferno,1403,SecondMid,50.000000,-50.000000,38.576618,75.000000,-25.000000,39.871407
de_inferno,1824,Banana,400.000000,2000.000000,128.031250,425.000000,2025.000000,128.031250
de_inferno,160,CTSpawn,1775.000000,2650.000000,132.031250,1975.000000,2750.000000,132.031250
de_inferno,292,Ruins,1150.000000,3200.000000,129.031250,1250.000000,3275.000000,128.031250
de_inferno,1371,Apartments,-375.000000,-600.000000,206.889145,-350.000000,-575.000000,192.031250
de_inferno,2057,BombsiteB,450.000000,2800.000000,160.031250,475.000000,2825.000000,188.906250
de_inferno,2231,CTSpawn,2050.000000,2375.000000,136.031250,2075.000000,2400.000000,132.031250
de_inferno,34,BombsiteB,0.000000,2975.000000,160.031250,150.000000,3150.000000,160.031250
de_inferno,191,Upstairs,-600.000000,150.000000,184.031250,-525.000000,375.000000,40.031250
de_inferno,424,TSpawn,-1200.000000,525.000000,-55.968750,-1150.000000,575.000000,-55.738934
de_inferno,520,BombsiteB,450.000000,2875.000000,160.031250,500.000000,2925.000000,160.031250
de_inferno,1203,,-475.000000,587.481262,76.031250,-450.000000,597.481262,76.031250
de_inferno,2858,Ruins,1275.000000,2925.000000,127.520584,1350.000000,2950.000000,131.510880
de_inferno,197,Apartments,-150.000000,-500.000000,192.031250,-75.000000,-400.000000,191.670898
de_inferno,221,BombsiteB,925.000000,2675.000000,129.812988,1000.000000,2775.000000,127.334190
de_inferno,1306,Upstairs,-450.000000,275.000000,184.031250,-425.000000,300.000000,184.031250
de_inferno,2872,,1900.000000,-125.000000,171.031250,1925.000000,-100.000000,198.031250
de_inferno,377,Ruins,975.000000,3050.000000,128.031250,1025.000000,3125.000000,128.031250
de_inferno,383,Ruins,1275.000000,3075.000000,129.031250,1325.000000,3150.000000,128.031250
de_inferno,2728,BombsiteB,400.000000,3525.000000,160.031250,425.000000,3575.000000,160.031250
de_inferno,396,Quad,1325.000000,-125.000000,130.031250,1375.000000,-25.000000,130.031250
de_inferno,2695,Banana,100.000000,1150.000000,84.354813,125.000000,1200.000000,87.130157
de_inferno,1159,LowerMid,-700.000000,-400.000000,-3.345068,-675.000000,-375.000000,0.006543
de_inferno,2245,CTSpawn,2075.000000,2325.000000,136.031250,2100.000000,2350.000000,136.031250
de_inferno,2731,Ruins,900.000000,3050.000000,144.031250,925.000000,3125.000000,144.031250
de_inferno,2768,TSpawn,-1350.000000,-125.000000,-0.995869,-1325.000000,-50.000000,0.031250
de_inferno,3056,BombsiteA,2225.000000,1100.000000,162.482193,2425.000000,1125.000000,161.527908
de_inferno,10,BombsiteA,1550.000000,-100.000000,130.031250,1750.000000,100.000000,130.649612
de_inferno,403,Pit,2325.000000,-275.000000,95.001053,2375.000000,-125.000000,121.390495
de_inferno,887,,2500.000000,2075.000000,129.031250,2525.000000,2125.000000,129.031250
de_inferno,1922,BombsiteB,275.000000,2800.000000,160.031250,300.000000,2825.000000,160.031250
de_inferno,2070,BombsiteB,475.000000,2825.000000,188.906250,500.000000,2850.000000,160.031250
de_inferno,2945,,275.000000,300.000000,0.772039,300.000000,350.000000,1.926769
de_inferno,2950,Balcony,1975.000000,-116.392792,228.031250,1988.171387,-101.152802,251.404724
de_inferno,358,TopofMid,1475.000000,425.000000,132.397568,1525.000000,550.000000,137.545685
de_inferno,359,BombsiteA,1500.000000,25.000000,130.031250,1550.000000,100.000000,128.409286
de_inferno,1705,CTSpawn,2050.000000,1900.000000,128.031250,2125.000000,1925.000000,128.031250
de_inferno,2062,BombsiteB,450.000000,2675.000000,160.031250,475.000000,2700.000000,188.906250
de_inferno,199,Middle,250.000000,475.000000,80.031250,325.000000,625.000000,80.162224
de_inferno,506,Middle,325.000000,450.000000,80.076965,375.000000,500.000000,81.652809
de_inferno,507,Banana,400.000000,2075.000000,129.780121,475.000000,2125.000000,133.796661
de_inferno,585,BackAlley,675.000000,-750.000000,94.375290,800.000000,-700.000000,90.314011
de_inferno,48,Ruins,1375.000000,2750.000000,127.492371,1675.000000,2900.000000,127.355545
de_inferno,218,BombsiteB,475.000000,2925.000000,160.031250,550.000000,3025.000000,160.031250
de_inferno,1968,BombsiteB,425.000000,2825.000000,160.031250,450.000000,2850.000000,188.906250
de_inferno,1994,BombsiteB,650.000000,3500.000000,192.031250,675.000000,3525.000000,144.396530
de_inferno,2688,LowerMid,-675.000000,175.000000,-2.647840,-650.000000,225.000000,3.031239
de_inferno,250,Banana,-75.000000,1325.000000,102.502472,25.000000,1425.000000,102.105057
de_inferno,867,CTSpawn,2025.000000,2500.000000,131.728088,2050.000000,2550.000000,130.755371
de_inferno,2288,CTSpawn,2300.000000,1725.000000,138.337479,2375.000000,1750.000000,128.031250
de_inferno,820,Ruins,950.000000,3275.000000,128.031250,975.000000,3325.000000,129.031250
de_inferno,1664,CTSpawn,1625.000000,2675.000000,160.031250,1675.000000,2700.000000,160.031250
de_inferno,485,TopofMid,1275.000000,1175.000000,171.981766,1325.000000,1250.000000,168.724182
de_inferno,861,CTSpawn,1850.000000,2550.000000,130.724213,1875.000000,2600.000000,132.687317
de_inferno,325,LowerMid,-475.000000,700.000000,-31.968750,-425.000000,775.000000,-31.445543
de_inferno,345,SecondMid,875.000000,-175.000000,94.575333,925.000000,-50.000000,90.246941
de_inferno,1053,TSpawn,-1725.000000,50.000000,-63.968750,-1650.000000,75.000000,-63.968750
de_inferno,1091,LowerMid,-825.000000,750.000000,-29.463930,-800.000000,800.000000,-31.968750
de_inferno,2810,BombsiteA,1950.000000,100.000000,128.112839,1975.000000,150.000000,158.153198
de_inferno,3001,,1750.000000,2925.000000,128.031250,1850.000000,2950.000000,128.031250
de_inferno,93,Arch,1875.000000,1000.000000,166.659348,2150.000000,1225.000000,169.771744
de_inferno,95,BombsiteA,2125.000000,-100.000000,127.901840,2250.000000,25.000000,127.664482
de_inferno,2278,CTSpawn,2375.000000,2300.000000,125.860146,2425.000000,2325.000000,128.031250
de_inferno,67,CTSpawn,2250.000000,1950.000000,127.260429,2375.000000,2100.000000,121.692009
de_inferno,790,Banana,225.000000,1425.000000,107.031250,250.000000,1475.000000,105.542778
de_inferno,686,Apartments,-250.000000,-400.000000,192.031250,-225.000000,-350.000000,192.031250
de_inferno,1926,BombsiteB,275.000000,2625.000000,160.031250,300.000000,2650.000000,188.906250
de_inferno,2404,BombsiteA,2100.000000,150.000000,160.031250,2150.000000,175.000000,160.031250
de_inferno,106,Middle,50.000000,750.000000,68.766083,150.000000,900.000000,78.500610
de_inferno,535,Ruins,1525.000000,2900.000000,127.635872,1600.000000,2975.000000,139.308350
de_inferno,1908,BombsiteB,250.000000,2675.000000,160.031250,275.000000,2700.000000,160.031250
de_inferno,123,CTSpawn,1975.000000,2250.000000,136.031250,2075.000000,2375.000000,136.031250
de_inferno,683,Deck,-50.000000,200.000000,184.031250,-25.000000,250.000000,184.031250
